release_date,puzzle_id,title,difficulty,category,description,pair_1_id,pair_1_name,pair_1_glass,pair_1_spec,pair_1_lore,pair_1_svg,pair_2_id,pair_2_name,pair_2_glass,pair_2_spec,pair_2_lore,pair_2_svg,pair_3_id,pair_3_name,pair_3_glass,pair_3_spec,pair_3_lore,pair_3_svg,pair_4_id,pair_4_name,pair_4_glass,pair_4_spec,pair_4_lore,pair_4_svg,pair_5_id,pair_5_name,pair_5_glass,pair_5_spec,pair_5_lore,pair_5_svg,pair_6_id,pair_6_name,pair_6_glass,pair_6_spec,pair_6_lore,pair_6_svg,pair_7_id,pair_7_name,pair_7_glass,pair_7_spec,pair_7_lore,pair_7_svg,pair_8_id,pair_8_name,pair_8_glass,pair_8_spec,pair_8_lore,pair_8_svg
2026-09-08,cm-001,Aperitivo & Classic Sours,EASY,Classic Cocktails,Foundational classics known by every cocktail enthusiast and lounge bartender worldwide.,negroni,Negroni,Rocks Glass,"1 oz Gin, 1 oz Campari, 1 oz Sweet Vermouth",Invented at Caffè Casoni in Florence in 1919 when Count Camillo Negroni requested gin instead of soda.,"<svg viewBox=""0 0 24 24"" fill=""none"" stroke=""currentColor"" stroke-width=""1.8""><rect x=""6"" y=""5"" width=""12"" height=""15"" rx=""1.5""></rect><line x=""6"" y1=""10"" x2=""18"" y2=""10""></line><path d=""M10 13l4 4""></path></svg>",daiquiri,Daiquiri,Coupe,"2 oz White Rum, 3/4 oz Fresh Lime Juice, 3/4 oz Simple Syrup","A Cuban mining town classic that serves as the ultimate test of balance between rum, lime, and sugar.","<svg viewBox=""0 0 24 24"" fill=""none"" stroke=""currentColor"" stroke-width=""1.8""><path d=""M5 4h14l-4 8H9L5 4z""></path><line x1=""12"" y1=""12"" x2=""12"" y2=""20""></line><line x1=""8"" y1=""20"" x2=""16"" y2=""20""></line></svg>",margarita,Margarita,Coupe / Rocks,"2 oz Blanco Tequila, 1 oz Cointreau, 3/4 oz Lime Juice","The queen of the Daisy cocktail family, balanced with fresh lime and an optional half-salted rim.","<svg viewBox=""0 0 24 24"" fill=""none"" stroke=""currentColor"" stroke-width=""1.8""><path d=""M4 5h16l-3 6a5 5 0 0 1-5 4 5 5 0 0 1-5-4L4 5z""></path><line x1=""12"" y1=""15"" x2=""12"" y2=""20""></line><line x1=""8"" y1=""20"" x2=""16"" y2=""20""></line></svg>",manhattan,Manhattan,Nick & Nora,"2 oz Rye Whiskey, 1 oz Sweet Vermouth, 2 dashes Angostura",Conceived at New York's Manhattan Club circa the 1870s; traditionally stirred and garnished with a cherry.,"<svg viewBox=""0 0 24 24"" fill=""none"" stroke=""currentColor"" stroke-width=""1.8""><path d=""M7 4h10l-2 7a3 3 0 0 1-3 3 3 3 0 0 1-3-3L7 4z""></path><line x1=""12"" y1=""14"" x2=""12"" y2=""20""></line><line x1=""9"" y1=""20"" x2=""15"" y2=""20""></line></svg>",aperol_spritz,Aperol Spritz,Wine Glass,"3 oz Prosecco, 2 oz Aperol, 1 oz Soda Water",The ubiquitous Venetian aperitivo built over ice with an orange slice according to the 3-2-1 rule.,"<svg viewBox=""0 0 24 24"" fill=""none"" stroke=""currentColor"" stroke-width=""1.8""><path d=""M7 4h10a5 5 0 0 1-5 9 5 5 0 0 1-5-9z""></path><line x1=""12"" y1=""13"" x2=""12"" y2=""20""></line><line x1=""8"" y1=""20"" x2=""16"" y2=""20""></line></svg>",whiskey_sour,Whiskey Sour,Rocks Glass,"2 oz Bourbon, 3/4 oz Lemon Juice, 1/2 oz Simple Syrup, Egg White",First codified in Jerry Thomas' 1862 guide; the egg white gives a silky foam head and velvety texture.,"<svg viewBox=""0 0 24 24"" fill=""none"" stroke=""currentColor"" stroke-width=""1.8""><rect x=""6"" y=""6"" width=""12"" height=""14"" rx=""2""></rect><line x1=""6"" y1=""11"" x2=""18"" y2=""11""></line><circle cx=""12"" cy=""15"" r=""1.5""></circle></svg>",espresso_martini,Espresso Martini,Coupe,"1.5 oz Vodka, 1 oz Fresh Espresso, 2/3 oz Kahlúa, 1/4 oz Simple",Created by Dick Bradsell at Fred's Club in London (1983) for a model requesting a drink that would 'wake me up'.,"<svg viewBox=""0 0 24 24"" fill=""none"" stroke=""currentColor"" stroke-width=""1.8""><path d=""M6 5h12l-6 8-6-8z""></path><line x1=""12"" y1=""13"" x2=""12"" y2=""20""></line><line x1=""8"" y1=""20"" x2=""16"" y2=""20""></line><circle cx=""12"" cy=""8"" r=""1""></circle></svg>",gimlet,Gimlet,Coupe,"2 oz London Dry Gin, 3/4 oz Lime Cordial / Fresh Lime",Popularized in the Royal Navy by Rear Admiral Sir Thomas Gimlette to combat scurvy among officers.,"<svg viewBox=""0 0 24 24"" fill=""none"" stroke=""currentColor"" stroke-width=""1.8""><path d=""M6 4h12l-3 7H9L6 4z""></path><line x1=""12"" y1=""11"" x2=""12"" y2=""19""></line><line x1=""9"" y1=""19"" x2=""15"" y2=""19""></line></svg>"
2026-09-09,cm-002,"Highballs, Fizzes & Long Drinks",EASY,Cocktail Families,Refreshing effervescent highballs that celebrate lengthened spirits citrus and premium carbonation.,tom_collins,Tom Collins,Collins Glass,"2 oz Old Tom Gin, 1 oz Lemon, 1/2 oz Simple, Club Soda",Born from the Great Tom Collins Hoax of 1874 that sent New Yorkers racing to bars looking for a slanderer.,"<svg viewBox=""0 0 24 24"" fill=""none"" stroke=""currentColor"" stroke-width=""1.8""><rect x=""8"" y=""3"" width=""8"" height=""18"" rx=""1""></rect><line x1=""8"" y1=""8"" x2=""16"" y2=""8""></line><circle cx=""12"" cy=""13"" r=""1.5""></circle></svg>",paloma,Paloma,Highball,"2 oz Tequila, 1/2 oz Lime Juice, Grapefruit Soda, Pinch of Salt",Mexico's most beloved everyday highball traditionally paired with Squirt or Jarritos grapefruit soda.,"<svg viewBox=""0 0 24 24"" fill=""none"" stroke=""currentColor"" stroke-width=""1.8""><rect x=""7"" y=""4"" width=""10"" height=""16"" rx=""1""></rect><line x1=""7"" y1=""9"" x2=""17"" y2=""9""></line><line x1=""10"" y1=""14"" x2=""14"" y2=""14""></line></svg>",moscow_mule,Moscow Mule,Copper Mug,"2 oz Vodka, 1/2 oz Fresh Lime Juice, 4 oz Spicy Ginger Beer",Devised in 1941 to popularize Smirnoff vodka and Cock 'n Bull ginger beer; served in distinctive copper mugs.,"<svg viewBox=""0 0 24 24"" fill=""none"" stroke=""currentColor"" stroke-width=""1.8""><rect x=""5"" y=""5"" width=""12"" height=""15"" rx=""2""></rect><path d=""M17 8h3a2 2 0 0 1 2 2v4a2 2 0 0 1-2 2h-3""></path></svg>",dark_n_stormy,Dark 'n Stormy,Highball,"2 oz Goslings Black Seal Rum, 1/2 oz Lime, Ginger Beer",Bermuda's national drink; trademarked by Goslings noted for its storm-cloud-like dark rum float.,"<svg viewBox=""0 0 24 24"" fill=""none"" stroke=""currentColor"" stroke-width=""1.8""><rect x=""7"" y=""4"" width=""10"" height=""16"" rx=""1""></rect><path d=""M7 8c2-1 4 1 6 0s2-1 4 0""></path></svg>",french_75,French 75,Champagne Flute,"1 oz Gin, 1/2 oz Lemon Juice, 1/2 oz Simple Syrup, Champagne",Named after the French 75mm field artillery gun for its remarkably punchy celebratory kick.,"<svg viewBox=""0 0 24 24"" fill=""none"" stroke=""currentColor"" stroke-width=""1.8""><path d=""M8 4h8l-2 9H10L8 4z""></path><line x1=""12"" y1=""13"" x2=""12"" y2=""20""></line><line x1=""9"" y1=""20"" x2=""15"" y2=""20""></line></svg>",americano,Americano,Highball,"1.5 oz Campari, 1.5 oz Sweet Vermouth, Splash of Soda",Originally known as the Milano-Torino; renamed due to its immense popularity with American tourists during Prohibition.,"<svg viewBox=""0 0 24 24"" fill=""none"" stroke=""currentColor"" stroke-width=""1.8""><rect x=""7"" y=""5"" width=""10"" height=""15"" rx=""1""></rect><line x1=""7"" y1=""10"" x2=""17"" y2=""10""></line></svg>",gin_fizz,Gin Fizz,Fizz Glass,"2 oz Gin, 1 oz Lemon Juice, 3/4 oz Simple Syrup, Club Soda",A vigorously shaken classic sour topped with soda water celebrated for its tight pillowy carbonation.,"<svg viewBox=""0 0 24 24"" fill=""none"" stroke=""currentColor"" stroke-width=""1.8""><rect x=""8"" y=""4"" width=""8"" height=""16"" rx=""1""></rect><circle cx=""12"" cy=""8"" r=""1""></circle><circle cx=""12"" cy=""12"" r=""1""></circle><circle cx=""12"" cy=""16"" r=""1""></circle></svg>",horses_neck,Horse's Neck,Highball,"2 oz Brandy or Bourbon, Ginger Ale, 2 dashes Bitters, Long Lemon Peel",Defined by its signature uncut spiral of lemon peel draped over the rim resembling a horse's neck.,"<svg viewBox=""0 0 24 24"" fill=""none"" stroke=""currentColor"" stroke-width=""1.8""><rect x=""7"" y=""5"" width=""10"" height=""15"" rx=""1""></rect><path d=""M17 5c-2 3-5 5-7 8""></path></svg>"
2026-09-10,cm-003,"Botanicals, Bitters & Fortified Wine",MED,Bitters & Vermouth,Complex spirit-forward stirred masterpieces emphasizing botanical balance and aromatic fortification.,martinez,Martinez,Coupe,"1.5 oz Old Tom Gin, 1.5 oz Sweet Vermouth, 1/4 oz Maraschino, Angostura",The 19th-century grandfather of the modern Martini bridges heavy botanical gin and rich vermouth.,"<svg viewBox=""0 0 24 24"" fill=""none"" stroke=""currentColor"" stroke-width=""1.8""><path d=""M5 4h14l-4 7H9L5 4z""></path><line x1=""12"" y1=""11"" x2=""12"" y2=""19""></line><line x1=""8"" y1=""19"" x2=""16"" y2=""19""></line></svg>",sazerac,Sazerac,Rocks (Neat),"2 oz Rye Whiskey, 1 Sugar Cube, 3 dashes Peychaud's, Herbsaint/Absinthe Rinse",Official cocktail of New Orleans served chilled without ice in an aromatic absinthe-rinsed glass.,"<svg viewBox=""0 0 24 24"" fill=""none"" stroke=""currentColor"" stroke-width=""1.8""><rect x=""6"" y=""6"" width=""12"" height=""13"" rx=""1.5""></rect><line x1=""9"" y1=""15"" x2=""15"" y2=""15""></line></svg>",vieux_carre,Vieux Carré,Rocks Glass,"3/4 oz Rye, 3/4 oz Cognac, 3/4 oz Sweet Vermouth, Barspoon Bénédictine, Bitters",Crafted in 1938 by Walter Bergeron at the legendary Carousel Piano Bar in the French Quarter.,"<svg viewBox=""0 0 24 24"" fill=""none"" stroke=""currentColor"" stroke-width=""1.8""><rect x=""6"" y=""5"" width=""12"" height=""14"" rx=""2""></rect><circle cx=""12"" cy=""12"" r=""2.5""></circle></svg>",boulevardier,Boulevardier,Coupe / Rocks,"1.25 oz Bourbon or Rye, 1 oz Campari, 1 oz Sweet Vermouth",Created by Erskine Gwynne for expatriates in 1920s Paris swapping gin for American whiskey.,"<svg viewBox=""0 0 24 24"" fill=""none"" stroke=""currentColor"" stroke-width=""1.8""><path d=""M6 5h12l-3 7H9L6 5z""></path><line x1=""12"" y1=""12"" x2=""12"" y2=""19""></line><line x1=""8"" y1=""19"" x2=""16"" y2=""19""></line></svg>",hanky_panky,Hanky Panky,Coupe,"1.5 oz London Dry Gin, 1.5 oz Sweet Vermouth, 2 dashes Fernet-Branca",Invented by Ada Coleman at London's Savoy Hotel American Bar for theatrical actor Sir Charles Hawtrey.,"<svg viewBox=""0 0 24 24"" fill=""none"" stroke=""currentColor"" stroke-width=""1.8""><path d=""M5 4h14l-4 8H9L5 4z""></path><line x1=""12"" y1=""12"" x2=""12"" y2=""20""></line><line x1=""8"" y1=""20"" x2=""16"" y2=""20""></line></svg>",bijou,Bijou,Coupe,"1 oz Gin, 1 oz Green Chartreuse, 1 oz Sweet Vermouth, Dash Orange Bitters",Named after jewels: diamond (gin) emerald (Chartreuse) and ruby (sweet vermouth).,"<svg viewBox=""0 0 24 24"" fill=""none"" stroke=""currentColor"" stroke-width=""1.8""><polygon points=""12 3 19 8 16 15 8 15 5 8 12 3""></polygon></svg>",bamboo,Bamboo,Nick & Nora,"1.5 oz Fino Sherry, 1.5 oz Dry Vermouth, 2 dashes Angostura & Orange Bitters",Created in the 1890s by German bartender Louis Eppinger at the Grand Hotel in Yokohama Japan.,"<svg viewBox=""0 0 24 24"" fill=""none"" stroke=""currentColor"" stroke-width=""1.8""><path d=""M7 5h10l-2 7a3 3 0 0 1-6 0L7 5z""></path><line x1=""12"" y1=""12"" x2=""12"" y2=""19""></line><line x1=""9"" y1=""19"" x2=""15"" y2=""19""></line></svg>",clover_club,Clover Club,Coupe,"1.5 oz Gin, 1/2 oz Dry Vermouth, 1/2 oz Lemon, 1/2 oz Raspberry Syrup, Egg White",Originated at Philadelphia's Bellevue-Stratford Hotel in the 1880s for prominent literary club members.,"<svg viewBox=""0 0 24 24"" fill=""none"" stroke=""currentColor"" stroke-width=""1.8""><path d=""M5 5h14l-4 7H9L5 5z""></path><line x1=""12"" y1=""12"" x2=""12"" y2=""20""></line><line x1=""8"" y1=""20"" x2=""16"" y2=""20""></line><circle cx=""12"" cy=""8"" r=""1""></circle></svg>"
2026-09-11,cm-004,"Tiki, Tropical & Polynesiana",HARD,Tiki & Tropical,Multi-rum harmonies exotic spice syrups orgeat and mid-century tropical escapism.,mai_tai,1944 Mai Tai,Double Rocks,"2 oz Aged Jamaican Rum, 3/4 oz Lime, 1/2 oz Curaçao, 1/4 oz Orgeat, 1/4 oz Rich Simple",Conceived by Victor 'Trader Vic' Bergeron; when served to Tahitian friends Carrie and Eastham Guild they cried 'Mai Tai-Roa Aé!'.,"<svg viewBox=""0 0 24 24"" fill=""none"" stroke=""currentColor"" stroke-width=""1.8""><rect x=""6"" y=""5"" width=""12"" height=""15"" rx=""1""></rect><path d=""M6 10h12""></path><circle cx=""12"" cy=""14"" r=""2""></circle></svg>",zombie,Zombie,Zombie Glass / Chimney,"1.5 oz Jamaican Rum, 1.5 oz Gold Puerto Rican, 1 oz 151 Demerara, Don's Mix, Falernum",Crafted in 1934 by Donn Beach; strictly limited to 'two to a customer' due to its legendary potency.,"<svg viewBox=""0 0 24 24"" fill=""none"" stroke=""currentColor"" stroke-width=""1.8""><rect x=""8"" y=""2"" width=""8"" height=""20"" rx=""1""></rect><line x1=""8"" y1=""6"" x2=""16"" y2=""6""></line><line x1=""8"" y1=""16"" x2=""16"" y2=""16""></line></svg>",jungle_bird,Jungle Bird,Double Rocks / Tiki Mug,"1.5 oz Blackstrap Rum, 3/4 oz Campari, 1.5 oz Pineapple Juice, 1/2 oz Lime, 1/2 oz Demerara",Created in 1973 at the Aviary Bar inside the Kuala Lumpur Hilton a rare and brilliant bridge of tiki and Italian bitter.,"<svg viewBox=""0 0 24 24"" fill=""none"" stroke=""currentColor"" stroke-width=""1.8""><rect x=""6"" y=""5"" width=""12"" height=""15"" rx=""1.5""></rect><path d=""M12 5v15""></path></svg>",painkiller,Painkiller,Hurricane / Mug,"2 oz Pusser's Rum, 4 oz Pineapple Juice, 1 oz Orange Juice, 1 oz Cream of Coconut, Grated Nutmeg",Originated in the 1970s at the Soggy Dollar Bar on Jost Van Dyke in the British Virgin Islands.,"<svg viewBox=""0 0 24 24"" fill=""none"" stroke=""currentColor"" stroke-width=""1.8""><path d=""M7 4h10c0 4-3 6-3 8 0 3 3 5 3 8H7c0-3 3-5 3-8 0-2-3-4-3-8z""></path></svg>",ti_punch,Ti' Punch,Small Rocks,"2 oz Rhum Agricole, 1 Barspoon Sirop de Canne, Lime Disc / Swatch",Martinique & Guadeloupe's national emblem served according to 'chacun prépare sa propre mort' (each prepares their own death).,"<svg viewBox=""0 0 24 24"" fill=""none"" stroke=""currentColor"" stroke-width=""1.8""><rect x=""7"" y=""7"" width=""10"" height=""12"" rx=""1""></rect><circle cx=""12"" cy=""13"" r=""2""></circle></svg>",saturn,Saturn,Coupe,"1.25 oz London Dry Gin, 1/2 oz Lemon, 1/2 oz Passionfruit, 1/4 oz Orgeat, 1/4 oz Falernum",A rare gin-based tiki masterpiece invented in 1967 by J. 'Popo' Galsini that won the IBA World Cocktail Championship.,"<svg viewBox=""0 0 24 24"" fill=""none"" stroke=""currentColor"" stroke-width=""1.8""><ellipse cx=""12"" cy=""12"" rx=""8"" ry=""3""></ellipse><circle cx=""12"" cy=""12"" r=""5""></circle></svg>",fog_cutter,Fog Cutter,Tiki Mug / Highball,"2 oz White Rum, 1 oz Cognac, 1/2 oz Gin, 2 oz Orange, 1 oz Lemon, 1/2 oz Orgeat, Sherry Float",Trader Vic famously warned: 'After drinking two of these the fog begins to roll in rapidly.'.,"<svg viewBox=""0 0 24 24"" fill=""none"" stroke=""currentColor"" stroke-width=""1.8""><rect x=""7"" y=""4"" width=""10"" height=""17"" rx=""1""></rect><path d=""M7 11h10""></path></svg>",queens_park_swizzle,Queen's Park Swizzle,Collins / Swizzle Glass,"2 oz Demerara Rum, 1/2 oz Lime, 1/2 oz Simple, 8 Mint Leaves, Angostura Float",Born at the Queen's Park Hotel in Port of Spain Trinidad; swizzled over crushed ice with a real bois lélé stick.,"<svg viewBox=""0 0 24 24"" fill=""none"" stroke=""currentColor"" stroke-width=""1.8""><rect x=""8"" y=""3"" width=""8"" height=""18"" rx=""1""></rect><path d=""M12 3v18""></path><path d=""M9 18l6-4""></path></svg>"
2026-09-12,cm-005,Speakeasy Era & Forgotten Alchemy,EXPERT,Prohibition & Speakeasies,Equal-parts puzzles obscure revivers and historical concoctions of the Golden and Speakeasy Eras.,corpse_reviver_2,Corpse Reviver No. 2,Coupe,"3/4 oz Gin, 3/4 oz Cointreau, 3/4 oz Lillet Blanc, 3/4 oz Lemon, Dash Absinthe",Featured in Harry Craddock's 1930 Savoy Cocktail Book with the warning: 'Four taken in swift succession will unrevive the corpse again.'.,"<svg viewBox=""0 0 24 24"" fill=""none"" stroke=""currentColor"" stroke-width=""1.8""><path d=""M5 4h14l-4 7H9L5 4z""></path><line x1=""12"" y1=""11"" x2=""12"" y2=""19""></line><line x1=""8"" y1=""19"" x2=""16"" y2=""19""></line></svg>",last_word,The Last Word,Coupe,"3/4 oz Gin, 3/4 oz Green Chartreuse, 3/4 oz Maraschino, 3/4 oz Lime",Created during Prohibition at the Detroit Athletic Club; famously rediscovered by Murray Stenson at Seattle's Zig Zag Café in 2004.,"<svg viewBox=""0 0 24 24"" fill=""none"" stroke=""currentColor"" stroke-width=""1.8""><path d=""M6 5h12l-3 7H9L6 5z""></path><line x1=""12"" y1=""12"" x2=""12"" y2=""20""></line><line x1=""8"" y1=""20"" x2=""16"" y2=""20""></line></svg>",aviation,Aviation,Coupe,"2 oz Gin, 1/2 oz Maraschino Liqueur, 1/4 oz Crème de Violette, 3/4 oz Lemon",Published in 1916 by Hugo Ensslin; the Crème de Violette imparts a sky-blue hue reminiscent of early aviation flights.,"<svg viewBox=""0 0 24 24"" fill=""none"" stroke=""currentColor"" stroke-width=""1.8""><path d=""M5 5h14l-4 8H9L5 5z""></path><line x1=""12"" y1=""13"" x2=""12"" y2=""20""></line><line x1=""8"" y1=""20"" x2=""16"" y2=""20""></line></svg>",ramos_gin_fizz,Ramos Gin Fizz,Collins (No Ice),"2 oz Gin, 1/2 oz Lemon, 1/2 oz Lime, 3/4 oz Simple, 1 oz Cream, Egg White, Orange Blossom Water, Soda",Invented in 1888 by Henry C. Ramos in New Orleans; shaken continuously for 12 minutes by a line of 'shaker boys'.,"<svg viewBox=""0 0 24 24"" fill=""none"" stroke=""currentColor"" stroke-width=""1.8""><rect x=""8"" y=""4"" width=""8"" height=""17"" rx=""1""></rect><line x1=""8"" y1=""9"" x2=""16"" y2=""9""></line><circle cx=""12"" cy=""6"" r=""1.5""></circle></svg>",remember_the_maine,Remember the Maine,Coupe,"2 oz Rye Whiskey, 3/4 oz Sweet Vermouth, 2 tsp Cherry Heering, 1/2 tsp Absinthe",Named after the 1898 battleship sinking in Havana Harbor; immortalized by Charles H. Baker Jr. in The Gentleman's Companion (1939).,"<svg viewBox=""0 0 24 24"" fill=""none"" stroke=""currentColor"" stroke-width=""1.8""><path d=""M6 4h12l-3 8H9L6 4z""></path><line x1=""12"" y1=""12"" x2=""12"" y2=""20""></line><line x1=""8"" y1=""20"" x2=""16"" y2=""20""></line></svg>",blood_and_sand,Blood & Sand,Coupe,"3/4 oz Blended Scotch, 3/4 oz Cherry Heering, 3/4 oz Sweet Vermouth, 3/4 oz Fresh Orange Juice",Named after Rudolph Valentino's 1922 bullfighter movie a rare storied classic incorporating both Scotch whisky and fresh orange.,"<svg viewBox=""0 0 24 24"" fill=""none"" stroke=""currentColor"" stroke-width=""1.8""><path d=""M5 4h14l-4 7H9L5 4z""></path><line x1=""12"" y1=""11"" x2=""12"" y2=""19""></line><line x1=""8"" y1=""19"" x2=""16"" y2=""19""></line></svg>",penicillin,Penicillin,Rocks Glass,"2 oz Blended Scotch, 3/4 oz Lemon Juice, 3/8 oz Honey Syrup, 3/8 oz Ginger Syrup, Islay Float",Created in 2005 by Sam Ross at Milk & Honey in NYC; the smoky Islay Scotch float acts as an aromatic cure-all.,"<svg viewBox=""0 0 24 24"" fill=""none"" stroke=""currentColor"" stroke-width=""1.8""><rect x=""6"" y=""6"" width=""12"" height=""14"" rx=""2""></rect><line x1=""6"" y1=""10"" x2=""18"" y2=""10""></line><circle cx=""12"" cy=""15"" r=""2""></circle></svg>",el_presidente,El Presidente,Coupe,"1.5 oz White Rum, 1.5 oz Blanc/Dry Vermouth, 1 barspoon Orange Curaçao, 1/2 barspoon Grenadine",Cuban Prohibition-era icon crafted at the Sevilla Biltmore Hotel in Havana for President Mario García Menocal.,"<svg viewBox=""0 0 24 24"" fill=""none"" stroke=""currentColor"" stroke-width=""1.8""><path d=""M5 5h14l-4 7H9L5 5z""></path><line x1=""12"" y1=""12"" x2=""12"" y2=""20""></line><line x1=""8"" y1=""20"" x2=""16"" y2=""20""></line></svg>"
2026-09-13,cm-006,The Whisk(e)y Ledger,EASY,Whisk(e)y Traditions,Legendary grain spirits from Kentucky bourbon and Maryland rye to Highland scotch and Irish drams.,old_fashioned,Old Fashioned,Rocks Glass,"2 oz Bourbon or Rye, 1 Sugar Cube, 2-3 dashes Angostura, Orange Twist","The prototypical 19th-century cocktail originally ordered simply as a spirit, sugar, water, and bitters concoction.","<svg viewBox=""0 0 24 24"" fill=""none"" stroke=""currentColor"" stroke-width=""1.8""><rect x=""6"" y=""6"" width=""12"" height=""14"" rx=""1.5""></rect><line x1=""6"" y1=""11"" x2=""18"" y2=""11""></line><rect x=""10"" y=""13"" width=""4"" height=""4"" rx=""0.5""></rect></svg>",mint_julep,Mint Julep,Julep Cup,"2 oz Bourbon, 1/2 oz Simple Syrup, 8-10 Fresh Mint Leaves",The historic Southern refresher famously served at the Kentucky Derby packed high with crushed ice and fresh mint.,"<svg viewBox=""0 0 24 24"" fill=""none"" stroke=""currentColor"" stroke-width=""1.8""><path d=""M7 6h10l-1.5 14h-7L7 6z""></path><line x1=""12"" y1=""2"" x2=""15"" y2=""6""></line><circle cx=""11"" cy=""4"" r=""1.5""></circle></svg>",rob_roy,Rob Roy,Nick & Nora,"2 oz Blended Scotch, 1 oz Sweet Vermouth, 2 dashes Angostura Bitters",Created in 1894 at New York's Waldorf Astoria Hotel to celebrate the premiere of an operetta based on Scottish folk hero Rob Roy MacGregor.,"<svg viewBox=""0 0 24 24"" fill=""none"" stroke=""currentColor"" stroke-width=""1.8""><path d=""M6 5h12l-2 7a4 4 0 0 1-8 0L6 5z""></path><line x1=""12"" y1=""12"" x2=""12"" y2=""20""></line><line x1=""8"" y1=""20"" x2=""16"" y2=""20""></line><circle cx=""12"" cy=""8"" r=""1.5""></circle></svg>",irish_coffee,Irish Coffee,Footed Mug,"1.5 oz Irish Whiskey, 4 oz Hot Coffee, 1 oz Heavy Cream, 1 tsp Demerara Sugar",Invented in the winter of 1943 by chef Joe Sheridan at Foynes flying boat base to warm arriving transatlantic passengers.,"<svg viewBox=""0 0 24 24"" fill=""none"" stroke=""currentColor"" stroke-width=""1.8""><path d=""M7 4h10v10a3 3 0 0 1-3 3h-4a3 3 0 0 1-3-3V4z""></path><line x1=""12"" y1=""17"" x2=""12"" y2=""20""></line><line x1=""9"" y1=""20"" x2=""15"" y2=""20""></line><path d=""M17 7h2a2 2 0 0 1 2 2v2a2 2 0 0 1-2 2h-2""></path></svg>",rusty_nail,Rusty Nail,Rocks Glass,"1.5 oz Scotch Whisky, 3/4 oz Drambuie, Lemon Twist",A 1960s Rat Pack fixture at the 21 Club pairing blended Scotch with heather-honeyed Drambuie liqueur.,"<svg viewBox=""0 0 24 24"" fill=""none"" stroke=""currentColor"" stroke-width=""1.8""><rect x=""6"" y=""6"" width=""12"" height=""14"" rx=""2""></rect><line x1=""6"" y1=""12"" x2=""18"" y2=""12""></line><path d=""M9 9c2-2 4 0 6-2""></path></svg>",bobby_burns,Bobby Burns,Coupe,"2 oz Blended Scotch, 3/4 oz Sweet Vermouth, 1/4 oz Bénédictine, Lemon Peel","Dedicated to Scotland's national poet Robert Burns, codified in early 20th-century bar manuals including Harry Craddock's Savoy.","<svg viewBox=""0 0 24 24"" fill=""none"" stroke=""currentColor"" stroke-width=""1.8""><path d=""M5 5h14l-3 6a4 4 0 0 1-8 0L5 5z""></path><line x1=""12"" y1=""11"" x2=""12"" y2=""19""></line><line x1=""8"" y1=""19"" x2=""16"" y2=""19""></line><path d=""M10 8l4 2""></path></svg>",toronto,Toronto,Coupe,"2 oz Canadian Rye Whisky, 1/4 oz Fernet-Branca, 1/4 oz Demerara Syrup, 2 dashes Angostura",A daring early 20th-century classic pairing northern rye with the bold herbaceous bitterness of Italian Fernet-Branca.,"<svg viewBox=""0 0 24 24"" fill=""none"" stroke=""currentColor"" stroke-width=""1.8""><path d=""M6 4h12l-4 8H10L6 4z""></path><line x1=""12"" y1=""12"" x2=""12"" y2=""20""></line><line x1=""8"" y1=""20"" x2=""16"" y2=""20""></line><line x1=""9"" y1=""8"" x2=""15"" y2=""8""></line></svg>",godfather,Godfather,Rocks Glass,"1.5 oz Scotch Whisky, 3/4 oz Amaretto Liqueur",A smooth 1970s two-ingredient classic reportedly favored by actor Marlon Brando following his iconic cinematic role.,"<svg viewBox=""0 0 24 24"" fill=""none"" stroke=""currentColor"" stroke-width=""1.8""><rect x=""6"" y=""7"" width=""12"" height=""13"" rx=""1""></rect><line x1=""6"" y1=""12"" x2=""18"" y2=""12""></line><circle cx=""12"" cy=""15"" r=""2""></circle></svg>"
2026-09-14,cm-007,Modern Classics & The Revival,MED,Modern Classics,Seminal recipes created by visionary bartenders during the late-twentieth and early-twenty-first century renaissance.,paper_plane,Paper Plane,Coupe,"3/4 oz Bourbon, 3/4 oz Aperol, 3/4 oz Amaro Nonino, 3/4 oz Fresh Lemon Juice","Conceived by Sam Ross in 2008 for Chicago's The Violet Hour, named after the M.I.A. hit track playing in the background.","<svg viewBox=""0 0 24 24"" fill=""none"" stroke=""currentColor"" stroke-width=""1.8""><path d=""M5 4h14l-4 7H9L5 4z""></path><line x1=""12"" y1=""11"" x2=""12"" y2=""19""></line><line x1=""8"" y1=""19"" x2=""16"" y2=""19""></line><polygon points=""12 5 15 8 9 8 12 5""></polygon></svg>",naked_and_famous,Naked and Famous,Coupe,"3/4 oz Mezcal, 3/4 oz Yellow Chartreuse, 3/4 oz Aperol, 3/4 oz Fresh Lime Juice","Created in 2011 by Joaquín Simó at Death & Co in New York City, an equal-parts modern masterpiece bridging mezcal and alpine herbs.","<svg viewBox=""0 0 24 24"" fill=""none"" stroke=""currentColor"" stroke-width=""1.8""><path d=""M5 5h14l-3 7a4 4 0 0 1-8 0L5 5z""></path><line x1=""12"" y1=""12"" x2=""12"" y2=""20""></line><line x1=""8"" y1=""20"" x2=""16"" y2=""20""></line><circle cx=""12"" cy=""7"" r=""1.5""></circle></svg>",gin_basil_smash,Gin Basil Smash,Rocks Glass,"2 oz Gin, 3/4 oz Fresh Lemon Juice, 2/3 oz Simple Syrup, 12 Fresh Basil Leaves","Invented in July 2008 by Jörg Meyer at Bar Le Lion in Hamburg, Germany, rapidly becoming a worldwide modern staple.","<svg viewBox=""0 0 24 24"" fill=""none"" stroke=""currentColor"" stroke-width=""1.8""><rect x=""6"" y=""6"" width=""12"" height=""14"" rx=""1.5""></rect><path d=""M12 9c2-2 4 1 2 4s-4 0-4-4z""></path></svg>",old_cuban,Old Cuban,Coupe,"1.5 oz Aged Rum, 3/4 oz Lime, 1 oz Simple, 6 Mint Leaves, 2 dashes Angostura, Champagne","Crafted in 2001 by Audrey Saunders at the Beacon Club in NYC, elevating the Mojito with aged rum and French sparkling wine.","<svg viewBox=""0 0 24 24"" fill=""none"" stroke=""currentColor"" stroke-width=""1.8""><path d=""M6 4h12l-2 8H8L6 4z""></path><line x1=""12"" y1=""12"" x2=""12"" y2=""20""></line><line x1=""8"" y1=""20"" x2=""16"" y2=""20""></line><circle cx=""12"" cy=""7"" r=""1""></circle></svg>",bramble,Bramble,Rocks Glass,"1.5 oz London Dry Gin, 3/4 oz Lemon Juice, 1/2 oz Simple Syrup, 1/2 oz Crème de Mûre Float","Created in 1984 by Dick Bradsell at Fred's Club in London, invoking memories of British hedgerow blackberry picking.","<svg viewBox=""0 0 24 24"" fill=""none"" stroke=""currentColor"" stroke-width=""1.8""><rect x=""6"" y=""6"" width=""12"" height=""14"" rx=""2""></rect><line x1=""6"" y1=""10"" x2=""18"" y2=""10""></line><circle cx=""10"" cy=""14"" r=""1.5""></circle><circle cx=""14"" cy=""15"" r=""1.5""></circle></svg>",oaxaca_old_fashioned,Oaxaca Old Fashioned,Rocks Glass,"1.5 oz Reposado Tequila, 1/2 oz Mezcal, 1 barspoon Agave Nectar, 2 dashes Angostura","Pioneered in 2007 by Phil Ward at Death & Co in Manhattan, establishing the split-base agave cocktail format.","<svg viewBox=""0 0 24 24"" fill=""none"" stroke=""currentColor"" stroke-width=""1.8""><rect x=""6"" y=""6"" width=""12"" height=""14"" rx=""1.5""></rect><path d=""M12 10c1-2 2-1 2 1s-2 3-2 3-2-1-2-3 1-3 2-1z""></path></svg>",tommys_margarita,Tommy's Margarita,Rocks Glass,"2 oz 100% Agave Blanco Tequila, 1 oz Fresh Lime Juice, 1/2 oz Agave Nectar","Created in the late 1980s by Julio Bermejo at Tommy's in San Francisco, swapping orange liqueur for pure agave nectar.","<svg viewBox=""0 0 24 24"" fill=""none"" stroke=""currentColor"" stroke-width=""1.8""><rect x=""6"" y=""6"" width=""12"" height=""14"" rx=""2""></rect><line x1=""6"" y1=""11"" x2=""18"" y2=""11""></line><line x1=""10"" y1=""15"" x2=""14"" y2=""15""></line></svg>",revolver,Revolver,Coupe,"2 oz High-Rye Bourbon, 1/2 oz Coffee Liqueur, 2 dashes Orange Bitters, Flamed Orange Peel","Crafted in 2004 by Jon Santer at Bruno's in San Francisco, balancing spicy high-rye bourbon against rich coffee liqueur.","<svg viewBox=""0 0 24 24"" fill=""none"" stroke=""currentColor"" stroke-width=""1.8""><path d=""M6 5h12l-4 7H10L6 5z""></path><line x1=""12"" y1=""12"" x2=""12"" y2=""20""></line><line x1=""8"" y1=""20"" x2=""16"" y2=""20""></line><circle cx=""12"" cy=""8"" r=""1.5""></circle></svg>"
2026-09-15,cm-008,"Brandy, Cognac & Grand Fruit",MED,Brandy & Cognac,Elegant copper-pot distillates aged French oak and orchard spirits from Cognac to Calvados and Peru.,sidecar,Sidecar,Coupe,"1.5 oz Cognac, 3/4 oz Cointreau, 3/4 oz Fresh Lemon Juice, Sugared Rim","Born in Paris or London around the end of World War I, named after the motorcycle attachment carrying an eccentric army captain.","<svg viewBox=""0 0 24 24"" fill=""none"" stroke=""currentColor"" stroke-width=""1.8""><path d=""M5 5h14l-4 7H9L5 5z""></path><line x1=""12"" y1=""12"" x2=""12"" y2=""20""></line><line x1=""8"" y1=""20"" x2=""16"" y2=""20""></line><line x1=""4"" y1=""5"" x2=""20"" y2=""5"" stroke-dasharray=""1 1""></line></svg>",brandy_crusta,Brandy Crusta,Nick & Nora,"2 oz Cognac, 1 tsp Maraschino, 1 tsp Orange Curaçao, 1/2 oz Lemon, 2 dashes Angostura","Invented in the 1850s by Joseph Santini at the City Exchange in New Orleans, the direct forerunner of all Daisy cocktails.","<svg viewBox=""0 0 24 24"" fill=""none"" stroke=""currentColor"" stroke-width=""1.8""><path d=""M7 4h10l-2 8a3 3 0 0 1-6 0L7 4z""></path><line x1=""12"" y1=""12"" x2=""12"" y2=""19""></line><line x1=""9"" y1=""19"" x2=""15"" y2=""19""></line><path d=""M17 3c1 2 0 4-2 5""></path></svg>",pisco_sour,Pisco Sour,Coupe / Rocks,"2 oz Pisco, 1 oz Fresh Lime Juice, 3/4 oz Simple Syrup, 1 Egg White, Angostura Drops","Devised in the 1920s by Victor Morris at Morris' Bar in Lima, Peru, renowned for its velvety foam capped with aromatic bitters.","<svg viewBox=""0 0 24 24"" fill=""none"" stroke=""currentColor"" stroke-width=""1.8""><path d=""M7 5h10l-2 9H9L7 5z""></path><line x1=""7"" y1=""8"" x2=""17"" y2=""8""></line><circle cx=""10"" cy=""6.5"" r=""0.5""></circle><circle cx=""12"" cy=""6.5"" r=""0.5""></circle><circle cx=""14"" cy=""6.5"" r=""0.5""></circle></svg>",brandy_alexander,Brandy Alexander,Coupe,"1 oz Cognac, 1 oz Dark Crème de Cacao, 1 oz Heavy Cream, Fresh Nutmeg","A decadent dessert cocktail derived from the earlier gin-based Alexander, celebrated in 1920s European high society.","<svg viewBox=""0 0 24 24"" fill=""none"" stroke=""currentColor"" stroke-width=""1.8""><path d=""M6 5h12l-3 7H9L6 5z""></path><line x1=""12"" y1=""12"" x2=""12"" y2=""20""></line><line x1=""8"" y1=""20"" x2=""16"" y2=""20""></line><circle cx=""11"" cy=""8"" r=""0.5""></circle><circle cx=""13"" cy=""8"" r=""0.5""></circle></svg>",jack_rose,Jack Rose,Coupe,"2 oz Applejack, 3/4 oz Lemon Juice, 1/2 oz Real Pomegranate Grenadine","A vibrant pre-Prohibition sour highlighting American apple brandy, immortalized by Ernest Hemingway in The Sun Also Rises.","<svg viewBox=""0 0 24 24"" fill=""none"" stroke=""currentColor"" stroke-width=""1.8""><path d=""M5 4h14l-4 8H9L5 4z""></path><line x1=""12"" y1=""12"" x2=""12"" y2=""20""></line><line x1=""8"" y1=""20"" x2=""16"" y2=""20""></line><circle cx=""12"" cy=""7"" r=""1.5""></circle></svg>",champs_elysees,Champs-Élysées,Coupe,"1.5 oz Cognac, 1/2 oz Green Chartreuse, 3/4 oz Lemon Juice, 1/4 oz Simple, Angostura","First recorded in Harry Craddock's 1930 Savoy Cocktail Book, named after the iconic Parisian boulevard.","<svg viewBox=""0 0 24 24"" fill=""none"" stroke=""currentColor"" stroke-width=""1.8""><path d=""M6 4h12l-2 7a4 4 0 0 1-8 0L6 4z""></path><line x1=""12"" y1=""11"" x2=""12"" y2=""19""></line><line x1=""8"" y1=""19"" x2=""16"" y2=""19""></line><path d=""M10 7h4""></path></svg>",stinger,Stinger,Rocks / Coupe,"2 oz Cognac, 3/4 oz White Crème de Menthe",The quintessential Gilded Age society drink championed by millionaire Reginald Vanderbilt as an aristocratic nightcap.,"<svg viewBox=""0 0 24 24"" fill=""none"" stroke=""currentColor"" stroke-width=""1.8""><rect x=""6"" y=""6"" width=""12"" height=""14"" rx=""1.5""></rect><line x1=""6"" y1=""11"" x2=""18"" y2=""11""></line><path d=""M12 13l2 4""></path></svg>",french_connection,French Connection,Rocks Glass,"1.5 oz Cognac, 1 oz Amaretto Liqueur","Named after the 1971 Oscar-winning crime thriller, pairing rich oak-aged French grape brandy with sweet Italian almond liqueur.","<svg viewBox=""0 0 24 24"" fill=""none"" stroke=""currentColor"" stroke-width=""1.8""><rect x=""6"" y=""6"" width=""12"" height=""14"" rx=""2""></rect><line x1=""6"" y1=""13"" x2=""18"" y2=""13""></line><line x1=""10"" y1=""16"" x2=""14"" y2=""16""></line></svg>"
2026-09-16,cm-009,Agave Expressions & Regional Terroir,HARD,Agave Spirits,Artisanal mezcals mountain tequilas and vibrant Latin American highballs showcasing smoke earth and citrus.,el_diablo,El Diablo,Highball,"1.5 oz Reposado Tequila, 1/2 oz Crème de Cassis, 1/2 oz Lime Juice, Ginger Beer","First published in Trader Vic's 1946 Book of Food and Drink, a rare tiki-era Mexican highball with a dark blackcurrant float.","<svg viewBox=""0 0 24 24"" fill=""none"" stroke=""currentColor"" stroke-width=""1.8""><rect x=""7"" y=""4"" width=""10"" height=""16"" rx=""1""></rect><line x1=""7"" y1=""7"" x2=""17"" y2=""7""></line><line x1=""7"" y1=""10"" x2=""17"" y2=""10""></line></svg>",batanga,Batanga,Highball,"2 oz Blanco Tequila, 1/2 oz Fresh Lime Juice, Mexican Coca-Cola, Salted Rim","Created in 1953 by Don Javier Delgado Corona at La Capilla in Tequila, Mexico, traditionally stirred with a knife.","<svg viewBox=""0 0 24 24"" fill=""none"" stroke=""currentColor"" stroke-width=""1.8""><rect x=""7"" y=""4"" width=""10"" height=""16"" rx=""1""></rect><line x1=""12"" y1=""2"" x2=""12"" y2=""17""></line><line x1=""10"" y1=""9"" x2=""14"" y2=""9""></line></svg>",siesta,Siesta,Coupe,"1.5 oz Blanco Tequila, 1/2 oz Campari, 1/2 oz Grapefruit, 1/2 oz Lime, 1/2 oz Simple","Invented in 2006 by Katie Stipe at NYC's Flatiron Lounge, introducing Italian bitter aperitivo structure to agave and citrus.","<svg viewBox=""0 0 24 24"" fill=""none"" stroke=""currentColor"" stroke-width=""1.8""><path d=""M5 5h14l-4 7H9L5 5z""></path><line x1=""12"" y1=""12"" x2=""12"" y2=""20""></line><line x1=""8"" y1=""20"" x2=""16"" y2=""20""></line><circle cx=""12"" cy=""8"" r=""1.5""></circle></svg>",division_bell,Division Bell,Coupe,"1 oz Mezcal, 3/4 oz Aperol, 1/2 oz Maraschino Liqueur, 3/4 oz Fresh Lime Juice","Crafted in 2009 by Phil Ward for Mayahuel in Manhattan, named in homage to Pink Floyd's 1994 studio album.","<svg viewBox=""0 0 24 24"" fill=""none"" stroke=""currentColor"" stroke-width=""1.8""><path d=""M6 5h12l-3 7H9L6 5z""></path><line x1=""12"" y1=""12"" x2=""12"" y2=""20""></line><line x1=""8"" y1=""20"" x2=""16"" y2=""20""></line><path d=""M10 8h4""></path></svg>",rosita,Rosita,Rocks Glass,"1.5 oz Reposado Tequila, 1/2 oz Campari, 1/2 oz Sweet Vermouth, 1/2 oz Dry Vermouth, Angostura",A sophisticated dual-vermouth agave Negroni variation popularized in the 1980s by cocktail historian Gary Regan.,"<svg viewBox=""0 0 24 24"" fill=""none"" stroke=""currentColor"" stroke-width=""1.8""><rect x=""6"" y=""6"" width=""12"" height=""14"" rx=""1.5""></rect><line x1=""6"" y1=""11"" x2=""18"" y2=""11""></line><circle cx=""12"" cy=""15"" r=""2""></circle></svg>",caipirinha,Caipirinha,Rocks Glass,"2 oz Cachaça, 1 Fresh Lime (Cut into Wedges), 2 tsp Sugar",Brazil's national cocktail muddled directly in the glass with fresh lime and raw sugar to showcase fresh sugarcane juice.,"<svg viewBox=""0 0 24 24"" fill=""none"" stroke=""currentColor"" stroke-width=""1.8""><rect x=""6"" y=""6"" width=""12"" height=""14"" rx=""1.5""></rect><path d=""M9 13a3 3 0 0 0 6 0z""></path></svg>",mexican_firing_squad,Mexican Firing Squad,Collins Glass,"2 oz Blanco Tequila, 3/4 oz Lime Juice, 3/4 oz Real Grenadine, 2 dashes Angostura",Documented in 1937 by globetrotter Charles H. Baker Jr. at the La Cucaracha Club in Mexico City.,"<svg viewBox=""0 0 24 24"" fill=""none"" stroke=""currentColor"" stroke-width=""1.8""><rect x=""8"" y=""4"" width=""8"" height=""16"" rx=""1""></rect><line x1=""8"" y1=""10"" x2=""16"" y2=""10""></line><circle cx=""12"" cy=""14"" r=""1""></circle></svg>",matador,Matador,Coupe,"1.5 oz Blanco Tequila, 2 oz Pineapple Juice, 1/2 oz Fresh Lime Juice",A mid-century classic sour celebrating the natural affinity between earthy highland agave and frothy pineapple juice.,"<svg viewBox=""0 0 24 24"" fill=""none"" stroke=""currentColor"" stroke-width=""1.8""><path d=""M7 4h10l-2 9H9L7 4z""></path><line x1=""12"" y1=""13"" x2=""12"" y2=""20""></line><line x1=""9"" y1=""20"" x2=""15"" y2=""20""></line></svg>"
2026-09-17,cm-010,Grand Hotel Bars & Forgotten Gold,EXPERT,Vintage & Hotel Bars,Lost gems obscure society sippers and historic formulas codified across Paris London New York and Yokohama.,sherry_cobbler,Sherry Cobbler,Highball / Goblet,"3.5 oz Amontillado Sherry, 1/2 oz Simple Syrup, 2 Orange Slices, Fresh Berries",The mid-nineteenth-century craze that popularized both the drinking straw and cocktail shaker worldwide.,"<svg viewBox=""0 0 24 24"" fill=""none"" stroke=""currentColor"" stroke-width=""1.8""><rect x=""7"" y=""5"" width=""10"" height=""15"" rx=""1.5""></rect><line x1=""14"" y1=""2"" x2=""11"" y2=""16""></line><circle cx=""9"" cy=""10"" r=""1""></circle><circle cx=""13"" cy=""12"" r=""1""></circle></svg>",monkey_gland,Monkey Gland,Coupe,"1.5 oz Gin, 1.5 oz Fresh Orange Juice, 1 tsp Grenadine, 1 tsp Absinthe","Invented in the 1920s by Harry MacElhone at Harry's New York Bar in Paris, named after eccentric longevity experiments.","<svg viewBox=""0 0 24 24"" fill=""none"" stroke=""currentColor"" stroke-width=""1.8""><path d=""M6 5h12l-3 7H9L6 5z""></path><line x1=""12"" y1=""12"" x2=""12"" y2=""20""></line><line x1=""8"" y1=""20"" x2=""16"" y2=""20""></line><line x1=""9"" y1=""8"" x2=""15"" y2=""8""></line></svg>",twentieth_century,Twentieth Century,Coupe,"1.5 oz Gin, 3/4 oz Lillet Blanc, 1/2 oz White Crème de Cacao, 3/4 oz Lemon Juice",Created in 1937 by British bartender C.A. Tuck to honor the Twentieth Century Limited luxury passenger train.,"<svg viewBox=""0 0 24 24"" fill=""none"" stroke=""currentColor"" stroke-width=""1.8""><path d=""M5 4h14l-4 8H9L5 4z""></path><line x1=""12"" y1=""12"" x2=""12"" y2=""20""></line><line x1=""8"" y1=""20"" x2=""16"" y2=""20""></line><circle cx=""12"" cy=""8"" r=""1.5""></circle></svg>",mary_pickford,Mary Pickford,Coupe,"1.5 oz White Rum, 1.5 oz Fresh Pineapple Juice, 1 tsp Maraschino, 1 tsp Grenadine",Conceived at the Hotel Nacional de Cuba in Havana during Prohibition to honor America's sweetheart.,"<svg viewBox=""0 0 24 24"" fill=""none"" stroke=""currentColor"" stroke-width=""1.8""><path d=""M6 4h12l-2 8H8L6 4z""></path><line x1=""12"" y1=""12"" x2=""12"" y2=""20""></line><line x1=""8"" y1=""20"" x2=""16"" y2=""20""></line><path d=""M10 7h4""></path></svg>",widows_kiss,Widow's Kiss,Coupe,"1.5 oz Calvados, 3/4 oz Yellow Chartreuse, 3/4 oz Bénédictine, 2 dashes Angostura","Codified in 1895 by George J. Kappeler at New York's St. Nicholas Hotel, a potent marriage of apple brandy and monastic herbal liqueurs.","<svg viewBox=""0 0 24 24"" fill=""none"" stroke=""currentColor"" stroke-width=""1.8""><path d=""M7 4h10l-2 7a3 3 0 0 1-6 0L7 4z""></path><line x1=""12"" y1=""11"" x2=""12"" y2=""19""></line><line x1=""9"" y1=""19"" x2=""15"" y2=""19""></line><circle cx=""12"" cy=""7"" r=""1""></circle></svg>",adonis,Adonis,Nick & Nora,"1.5 oz Fino Sherry, 1.5 oz Sweet Vermouth, 2 dashes Orange Bitters",Created in the mid-1880s at New York's Hoffman House celebrating the milestone 500th performance of the Broadway musical Adonis.,"<svg viewBox=""0 0 24 24"" fill=""none"" stroke=""currentColor"" stroke-width=""1.8""><path d=""M7 5h10l-2 7a3 3 0 0 1-6 0L7 5z""></path><line x1=""12"" y1=""12"" x2=""12"" y2=""19""></line><line x1=""9"" y1=""19"" x2=""15"" y2=""19""></line></svg>",chrysanthemum,Chrysanthemum,Coupe,"2 oz Dry Vermouth, 1 oz Bénédictine, 3 dashes Absinthe",A celebrated low-proof aromatic aperitif first published in Hugo Ensslin's 1916 Recipes for Mixed Drinks.,"<svg viewBox=""0 0 24 24"" fill=""none"" stroke=""currentColor"" stroke-width=""1.8""><path d=""M6 5h12l-4 7H10L6 5z""></path><line x1=""12"" y1=""12"" x2=""12"" y2=""20""></line><line x1=""8"" y1=""20"" x2=""16"" y2=""20""></line><circle cx=""12"" cy=""8"" r=""1.5""></circle></svg>",red_snapper,Red Snapper,Highball,"1.5 oz Gin, 3 oz Tomato Juice, 1/2 oz Lemon, Worcestershire, Tabasco, Celery Salt",The original gin-based precursor to the Bloody Mary perfected by Fernand Petiot at the St. Regis New York's King Cole Bar in 1934.,"<svg viewBox=""0 0 24 24"" fill=""none"" stroke=""currentColor"" stroke-width=""1.8""><rect x=""7"" y=""5"" width=""10"" height=""15"" rx=""1""></rect><line x1=""13"" y1=""2"" x2=""11"" y2=""16""></line><line x1=""7"" y1=""10"" x2=""17"" y2=""10""></line></svg>"
2026-09-18,cm-011,Gin Heritage & The Martini Realm,EASY,Gin & Botanicals,Crisp juniper expressions fortified vermouths and timeless iterations of the world's most iconic cocktail.,dry_martini,Dry Martini,Martini Glass,"2.5 oz London Dry Gin, 1/2 oz Dry Vermouth, 1 dash Orange Bitters, Lemon Twist or Olive",The quintessential cocktail archetype stirred to silky clarity and served in its namesake V-shaped stemware.,"<svg viewBox=""0 0 24 24"" fill=""none"" stroke=""currentColor"" stroke-width=""1.8""><path d=""M5 4h14l-7 9-7-9z""></path><line x1=""12"" y1=""13"" x2=""12"" y2=""20""></line><line x1=""8"" y1=""20"" x2=""16"" y2=""20""></line></svg>",gibson,Gibson,Martini Glass,"2.5 oz Gin, 1/2 oz Dry Vermouth, Cocktail Onion Garnish","Distinguished from the standard Martini by its savoury pickled cocktail onion garnish, popularized at NYC's Players Club.","<svg viewBox=""0 0 24 24"" fill=""none"" stroke=""currentColor"" stroke-width=""1.8""><path d=""M5 4h14l-7 9-7-9z""></path><line x1=""12"" y1=""13"" x2=""12"" y2=""20""></line><line x1=""8"" y1=""20"" x2=""16"" y2=""20""></line><circle cx=""12"" cy=""8"" r=""1.5""></circle></svg>",vesper,Vesper,Martini Glass,"3 oz Gordon's Gin, 1 oz Vodka, 1/2 oz Kina Lillet or Cocchi Americano, Lemon Peel",Created by Ian Fleming in the 1953 James Bond novel Casino Royale and named after double agent Vesper Lynd.,"<svg viewBox=""0 0 24 24"" fill=""none"" stroke=""currentColor"" stroke-width=""1.8""><path d=""M6 4h12l-6 8-6-8z""></path><line x1=""12"" y1=""12"" x2=""12"" y2=""20""></line><line x1=""8"" y1=""20"" x2=""16"" y2=""20""></line><path d=""M10 7c2-1 4 1 2 2""></path></svg>",bees_knees,Bee's Knees,Coupe,"2 oz Gin, 3/4 oz Fresh Lemon Juice, 3/4 oz Honey Syrup (3:1)",A Prohibition-era favourite using aromatic honey and tart citrus to mask the roughness of bathtub gin.,"<svg viewBox=""0 0 24 24"" fill=""none"" stroke=""currentColor"" stroke-width=""1.8""><path d=""M5 5h14l-4 7H9L5 5z""></path><line x1=""12"" y1=""12"" x2=""12"" y2=""20""></line><line x1=""8"" y1=""20"" x2=""16"" y2=""20""></line><circle cx=""12"" cy=""8"" r=""1.5""></circle></svg>",white_lady,White Lady,Coupe,"1.5 oz Gin, 3/4 oz Cointreau, 3/4 oz Fresh Lemon Juice, Egg White","Perfected by Harry Craddock at the Savoy American Bar in 1929, creating a silky citrus foam cap.","<svg viewBox=""0 0 24 24"" fill=""none"" stroke=""currentColor"" stroke-width=""1.8""><path d=""M6 5h12l-3 7H9L6 5z""></path><line x1=""12"" y1=""12"" x2=""12"" y2=""20""></line><line x1=""8"" y1=""20"" x2=""16"" y2=""20""></line><line x1=""8"" y1=""8"" x2=""16"" y2=""8""></line></svg>",southside,Southside,Coupe,"2 oz London Dry Gin, 3/4 oz Fresh Lime Juice, 3/4 oz Simple Syrup, 6-8 Fresh Mint Leaves",Reputedly the preferred refreshment of Al Capone's gang on Chicago's South Side during Prohibition.,"<svg viewBox=""0 0 24 24"" fill=""none"" stroke=""currentColor"" stroke-width=""1.8""><path d=""M5 4h14l-4 8H9L5 4z""></path><line x1=""12"" y1=""12"" x2=""12"" y2=""20""></line><line x1=""8"" y1=""20"" x2=""16"" y2=""20""></line><path d=""M12 7c1-2 3-1 2 2s-3 1-2-2z""></path></svg>",alaska,Alaska,Coupe / Nick & Nora,"2 oz Gin, 3/4 oz Yellow Chartreuse, 1 dash Orange Bitters","A gilded variation of the Martini featuring saffron-scented Yellow Chartreuse, codified in Jacques Straub's 1913 Drinks.","<svg viewBox=""0 0 24 24"" fill=""none"" stroke=""currentColor"" stroke-width=""1.8""><path d=""M6 4h12l-3 8H9L6 4z""></path><line x1=""12"" y1=""12"" x2=""12"" y2=""20""></line><line x1=""8"" y1=""20"" x2=""16"" y2=""20""></line><line x1=""10"" y1=""8"" x2=""14"" y2=""8""></line></svg>",tuxedo_no_2,Tuxedo No. 2,Coupe,"2 oz Old Tom Gin, 1 oz Dry Vermouth, 1/4 oz Maraschino, 2 dashes Absinthe, Bitters","Created at the Tuxedo Club in Orange County, New York, showcasing rich Old Tom gin and botanical complexity.","<svg viewBox=""0 0 24 24"" fill=""none"" stroke=""currentColor"" stroke-width=""1.8""><path d=""M7 4h10l-2 8a3 3 0 0 1-6 0L7 4z""></path><line x1=""12"" y1=""12"" x2=""12"" y2=""19""></line><line x1=""9"" y1=""19"" x2=""15"" y2=""19""></line><circle cx=""12"" cy=""8"" r=""1""></circle></svg>"
2026-09-19,cm-012,Caribbean Rums & Island Punch,MED,Rum & Tropical Traditions,Crushed ice harmonies fresh sugarcane juices citrus cordials and historic punches of the West Indies.,mojito,Mojito,Highball,"2 oz White Rum, 3/4 oz Lime Juice, 1/2 oz Simple Syrup, 8 Fresh Mint Leaves, Club Soda","Havana's historic street refresher muddled gently with mint and sweetened lime, loved by poet Langston Hughes.","<svg viewBox=""0 0 24 24"" fill=""none"" stroke=""currentColor"" stroke-width=""1.8""><rect x=""7"" y=""4"" width=""10"" height=""16"" rx=""1""></rect><line x1=""7"" y1=""9"" x2=""17"" y2=""9""></line><path d=""M12 11c1-2 3-1 2 2s-3 1-2-2z""></path></svg>",pina_colada,Piña Colada,Hurricane Glass,"2 oz White Rum, 1.5 oz Cream of Coconut, 1.5 oz Fresh Pineapple Juice, 1/2 oz Lime","Proclaimed the national beverage of Puerto Rico in 1978, perfected at the Caribe Hilton in San Juan.","<svg viewBox=""0 0 24 24"" fill=""none"" stroke=""currentColor"" stroke-width=""1.8""><path d=""M7 4h10c0 4-3 6-3 8 0 3 3 5 3 8H7c0-3 3-5 3-8 0-2-3-4-3-8z""></path><circle cx=""12"" cy=""7"" r=""1.5""></circle></svg>",planters_punch,Planter's Punch,Highball,"3 oz Dark Jamaican Rum, 1 oz Fresh Lime Juice, 1/2 oz Grenadine, 1/2 oz Simple Syrup","Built on the traditional Jamaican rhyme: 'One of sour, two of sweet, three of strong, four of weak.'","<svg viewBox=""0 0 24 24"" fill=""none"" stroke=""currentColor"" stroke-width=""1.8""><rect x=""7"" y=""4"" width=""10"" height=""16"" rx=""1""></rect><line x1=""7"" y1=""12"" x2=""17"" y2=""12""></line><line x1=""10"" y1=""7"" x2=""14"" y2=""7""></line></svg>",navy_grog,Navy Grog,Double Rocks,"1 oz Light Rum, 1 oz Gold Rum, 1 oz Demerara Rum, 3/4 oz Lime, 3/4 oz Grapefruit, Honey Syrup",A potent Don the Beachcomber staple famously garnished with an upright cone of frozen shaved ice.,"<svg viewBox=""0 0 24 24"" fill=""none"" stroke=""currentColor"" stroke-width=""1.8""><rect x=""6"" y=""6"" width=""12"" height=""14"" rx=""1.5""></rect><polygon points=""12 3 14 9 10 9 12 3""></polygon></svg>",corn_n_oil,Corn 'n Oil,Rocks Glass,"2 oz Aged Barbados Rum, 1/2 oz Velvet Falernum, 1/2 oz Lime Juice, 2 dashes Angostura","Barbados' quintessential layered drink, named after the dark oil slick appearance of rum floating on falernum.","<svg viewBox=""0 0 24 24"" fill=""none"" stroke=""currentColor"" stroke-width=""1.8""><rect x=""6"" y=""6"" width=""12"" height=""14"" rx=""1.5""></rect><line x1=""6"" y1=""10"" x2=""18"" y2=""10""></line><path d=""M8 14c3-2 5 2 8 0""></path></svg>",hotel_nacional,Hotel Nacional Special,Coupe,"1.5 oz White Rum, 1/4 oz Apricot Brandy, 1 oz Fresh Pineapple Juice, 1/2 oz Lime Juice",Created by Wil P. Taylor at Havana's illustrious Hotel Nacional during the golden age of Cuban tourism.,"<svg viewBox=""0 0 24 24"" fill=""none"" stroke=""currentColor"" stroke-width=""1.8""><path d=""M5 4h14l-4 7H9L5 4z""></path><line x1=""12"" y1=""11"" x2=""12"" y2=""19""></line><line x1=""8"" y1=""19"" x2=""16"" y2=""19""></line><circle cx=""12"" cy=""7"" r=""1""></circle></svg>",rum_runner,Rum Runner,Hurricane Glass,"1 oz Light Rum, 1 oz Navy Rum, 1/2 oz Blackberry Liqueur, 1/2 oz Banana Liqueur, Orange, Lime","Invented in the late 1940s at the Holiday Isle Tire Lounge in Islamorada, Florida Keys.","<svg viewBox=""0 0 24 24"" fill=""none"" stroke=""currentColor"" stroke-width=""1.8""><path d=""M7 4h10c0 4-3 6-3 8 0 3 3 5 3 8H7c0-3 3-5 3-8 0-2-3-4-3-8z""></path><line x1=""7"" y1=""10"" x2=""17"" y2=""10""></line></svg>",kingston_negroni,Kingston Negroni,Rocks Glass,"1 oz High-Ester Jamaican Pot Still Rum, 1 oz Campari, 1 oz Sweet Vermouth","Crafted in 2009 by Joaquín Simó at Death & Co, replacing gin with robust, funky Jamaican pot-still rum.","<svg viewBox=""0 0 24 24"" fill=""none"" stroke=""currentColor"" stroke-width=""1.8""><rect x=""6"" y=""5"" width=""12"" height=""15"" rx=""1.5""></rect><line x1=""6"" y1=""10"" x2=""18"" y2=""10""></line><circle cx=""12"" cy=""15"" r=""2""></circle></svg>"
2026-09-20,cm-013,"Amari, Botanicals & Alpine Bitters",MED,Amaro & Aperitifs,Complex bittersweet digestifs alpine herbs and Italian aperitivo traditions celebrated across Europe.,black_manhattan,Black Manhattan,Coupe,"2 oz Rye Whiskey, 1 oz Amaro Averna, 1 dash Angostura Bitters, 1 dash Regans' Orange Bitters","Devised in 2005 by Todd Smith at Bourbon & Branch in San Francisco, swapping sweet vermouth for Sicilian Averna.","<svg viewBox=""0 0 24 24"" fill=""none"" stroke=""currentColor"" stroke-width=""1.8""><path d=""M7 4h10l-2 7a3 3 0 0 1-3 3 3 3 0 0 1-3-3L7 4z""></path><line x1=""12"" y1=""14"" x2=""12"" y2=""20""></line><line x1=""9"" y1=""20"" x2=""15"" y2=""20""></line></svg>",garibaldi,Garibaldi,Highball,"1.5 oz Campari, 4 oz Fluffy Fresh Orange Juice, Orange Wedge","Named after Italian revolutionary Giuseppe Garibaldi, elevated at NYC's Dante using high-speed aerated juice.","<svg viewBox=""0 0 24 24"" fill=""none"" stroke=""currentColor"" stroke-width=""1.8""><rect x=""7"" y=""4"" width=""10"" height=""16"" rx=""1""></rect><line x1=""7"" y1=""12"" x2=""17"" y2=""12""></line><circle cx=""12"" cy=""8"" r=""2""></circle></svg>",cynar_julep,Cynar Julep,Julep Cup / Highball,"2 oz Cynar, 1/2 oz Grapefruit Juice, 1/2 oz Lemon Juice, 1/2 oz Simple Syrup, Fresh Mint","An Italian twist on the classic Southern Julep, centering the bittersweet artichoke-based amaro Cynar.","<svg viewBox=""0 0 24 24"" fill=""none"" stroke=""currentColor"" stroke-width=""1.8""><path d=""M7 6h10l-1.5 14h-7L7 6z""></path><line x1=""12"" y1=""2"" x2=""12"" y2=""6""></line><path d=""M10 4c2-1 4 1 2 2""></path></svg>",industry_sour,Industry Sour,Coupe,"3/4 oz Fernet-Branca, 3/4 oz Green Chartreuse, 3/4 oz Fresh Lime Juice, 3/4 oz Simple Syrup",Created in 2011 by bartender Ted Kilgore at Taste in St. Louis as an equal-parts homage to bartenders' beloved spirits.,"<svg viewBox=""0 0 24 24"" fill=""none"" stroke=""currentColor"" stroke-width=""1.8""><path d=""M5 4h14l-4 7H9L5 4z""></path><line x1=""12"" y1=""11"" x2=""12"" y2=""19""></line><line x1=""8"" y1=""19"" x2=""16"" y2=""19""></line><line x1=""9"" y1=""7"" x2=""15"" y2=""7""></line></svg>",bitter_giuseppe,Bitter Giuseppe,Rocks Glass,"2 oz Cynar, 3/4 oz Sweet Vermouth, 1/4 oz Fresh Lemon Juice, 6 dashes Orange Bitters","Conceived by Stephen Cole at The Violet Hour in Chicago, an influential low-proof amaro-forward creation.","<svg viewBox=""0 0 24 24"" fill=""none"" stroke=""currentColor"" stroke-width=""1.8""><rect x=""6"" y=""6"" width=""12"" height=""14"" rx=""1.5""></rect><line x1=""6"" y1=""11"" x2=""18"" y2=""11""></line><path d=""M10 14l4 2""></path></svg>",midnight_stinger,Midnight Stinger,Rocks Glass,"1 oz Bourbon, 1 oz Fernet-Branca, 3/4 oz Fresh Lemon Juice, 3/4 oz Simple Syrup","Created by Sam Ross at Milk & Honey, rethinking the classic Stinger over crushed ice with bracing Fernet-Branca.","<svg viewBox=""0 0 24 24"" fill=""none"" stroke=""currentColor"" stroke-width=""1.8""><rect x=""6"" y=""6"" width=""12"" height=""14"" rx=""2""></rect><line x1=""6"" y1=""10"" x2=""18"" y2=""10""></line><circle cx=""12"" cy=""14"" r=""1.5""></circle></svg>",bicicletta,Bicicletta,Wine Glass,"1.5 oz Campari, 2.5 oz Dry White Wine, Splash of Soda Water, Orange Slice","The everyday northern Italian café classic, named after elderly gentlemen wobbling home on bicycles after enjoying it.","<svg viewBox=""0 0 24 24"" fill=""none"" stroke=""currentColor"" stroke-width=""1.8""><path d=""M7 4h10a5 5 0 0 1-5 9 5 5 0 0 1-5-9z""></path><line x1=""12"" y1=""13"" x2=""12"" y2=""20""></line><line x1=""8"" y1=""20"" x2=""16"" y2=""20""></line></svg>",milano_torino,Milano-Torino,Rocks Glass,"1.5 oz Campari (Milano), 1.5 oz Sweet Vermouth (Torino), Orange Wheel","First served in the 1860s at Gaspare Campari's Caffè Camparino, the pure historical mother of the Americano and Negroni.","<svg viewBox=""0 0 24 24"" fill=""none"" stroke=""currentColor"" stroke-width=""1.8""><rect x=""6"" y=""6"" width=""12"" height=""14"" rx=""1.5""></rect><line x1=""6"" y1=""12"" x2=""18"" y2=""12""></line><circle cx=""12"" cy=""9"" r=""1.5""></circle></svg>"
2026-09-21,cm-014,"Cafe Society, Cordials & Flips",HARD,Liqueurs & Fortified Wines,Decadent dessert cordials creamy whole-egg flips and anise-kissed Parisian salon classics.,grasshopper,Grasshopper,Coupe,"1 oz Green Crème de Menthe, 1 oz White Crème de Cacao, 1 oz Heavy Cream","Invented in 1918 by Philip Guichet at Tujague's in New Orleans, celebrated for its pastel green mint-chocolate profile.","<svg viewBox=""0 0 24 24"" fill=""none"" stroke=""currentColor"" stroke-width=""1.8""><path d=""M6 5h12l-3 7H9L6 5z""></path><line x1=""12"" y1=""12"" x2=""12"" y2=""20""></line><line x1=""8"" y1=""20"" x2=""16"" y2=""20""></line><line x1=""7"" y1=""8"" x2=""17"" y2=""8""></line></svg>",absinthe_frappe,Absinthe Frappé,Highball / Rocks,"1.5 oz Absinthe, 1/2 oz Simple Syrup, 2 oz Soda Water, Fresh Mint, Crushed Ice","Devised in 1874 by Cayetano Ferrer at the Old Absinthe House in New Orleans, taming louche absinthe with crushed ice.","<svg viewBox=""0 0 24 24"" fill=""none"" stroke=""currentColor"" stroke-width=""1.8""><rect x=""7"" y=""5"" width=""10"" height=""15"" rx=""1""></rect><line x1=""12"" y1=""2"" x2=""12"" y2=""18""></line><circle cx=""10"" cy=""12"" r=""1""></circle><circle cx=""14"" cy=""14"" r=""1""></circle></svg>",kir_royale,Kir Royale,Champagne Flute,"1/2 oz Crème de Cassis, 4 oz Champagne or Dry Sparkling Wine","Named after Canon Félix Kir, Mayor of Dijon, who championed local blackcurrant liqueur with sparkling wine.","<svg viewBox=""0 0 24 24"" fill=""none"" stroke=""currentColor"" stroke-width=""1.8""><path d=""M8 4h8l-2 9H10L8 4z""></path><line x1=""12"" y1=""13"" x2=""12"" y2=""20""></line><line x1=""9"" y1=""20"" x2=""15"" y2=""20""></line><circle cx=""12"" cy=""10"" r=""1""></circle></svg>",port_flip,Port Flip,Sour / Coupe,"2 oz Ruby or Tawny Port, 1/2 oz Cognac, 1/4 oz Simple Syrup, 1 Whole Egg, Grated Nutmeg","Codified in Jerry Thomas' 1862 guide, a rich fortified wine flip emulsified into frothy custard-like luxury.","<svg viewBox=""0 0 24 24"" fill=""none"" stroke=""currentColor"" stroke-width=""1.8""><path d=""M7 5h10l-2 8H9L7 5z""></path><line x1=""12"" y1=""13"" x2=""12"" y2=""20""></line><line x1=""8"" y1=""20"" x2=""16"" y2=""20""></line><circle cx=""11"" cy=""8"" r=""0.5""></circle><circle cx=""13"" cy=""8"" r=""0.5""></circle></svg>",golden_cadillac,Golden Cadillac,Coupe,"1 oz Galliano L'Autentico, 1 oz White Crème de Cacao, 1 oz Heavy Cream","Created in 1952 at Poor Red's Bar-B-Q in El Dorado, California, to celebrate an engaged couple's new golden car.","<svg viewBox=""0 0 24 24"" fill=""none"" stroke=""currentColor"" stroke-width=""1.8""><path d=""M5 5h14l-4 7H9L5 5z""></path><line x1=""12"" y1=""12"" x2=""12"" y2=""20""></line><line x1=""8"" y1=""20"" x2=""16"" y2=""20""></line><line x1=""9"" y1=""9"" x2=""15"" y2=""9""></line></svg>",tipperary,Tipperary,Coupe / Nick & Nora,"1.5 oz Irish Whiskey, 1 oz Sweet Vermouth, 1/2 oz Green Chartreuse, 2 dashes Angostura","Named after the WWI soldiers' anthem 'It's a Long Way to Tipperary', first published in Hugo Ensslin's 1916 guide.","<svg viewBox=""0 0 24 24"" fill=""none"" stroke=""currentColor"" stroke-width=""1.8""><path d=""M6 4h12l-3 8H9L6 4z""></path><line x1=""12"" y1=""12"" x2=""12"" y2=""20""></line><line x1=""8"" y1=""20"" x2=""16"" y2=""20""></line><circle cx=""12"" cy=""8"" r=""1.5""></circle></svg>",corpse_reviver_1,Corpse Reviver No. 1,Coupe,"1 oz Cognac, 1 oz Calvados or Apple Brandy, 1/2 oz Sweet Vermouth","The apple-brandy forerunner to No. 2, prescribed in Craddock's 1930 Savoy guide 'to be taken before 11 a.m.'","<svg viewBox=""0 0 24 24"" fill=""none"" stroke=""currentColor"" stroke-width=""1.8""><path d=""M5 4h14l-4 8H9L5 4z""></path><line x1=""12"" y1=""12"" x2=""12"" y2=""20""></line><line x1=""8"" y1=""20"" x2=""16"" y2=""20""></line><line x1=""8"" y1=""7"" x2=""16"" y2=""7""></line></svg>",death_in_the_afternoon,Death in the Afternoon,Champagne Flute,"1.5 oz Absinthe, 4 oz Champagne / Dry Sparkling Wine","Invented by Ernest Hemingway for a 1935 celebrity recipe anthology, directing to 'drink three to five of these slowly.'","<svg viewBox=""0 0 24 24"" fill=""none"" stroke=""currentColor"" stroke-width=""1.8""><path d=""M8 4h8l-2 9H10L8 4z""></path><line x1=""12"" y1=""13"" x2=""12"" y2=""20""></line><line x1=""9"" y1=""20"" x2=""15"" y2=""20""></line><path d=""M12 7l1 3""></path></svg>"
2026-09-22,cm-015,Modern Alchemists & Craft Breakthroughs,EXPERT,Contemporary Mixology,Radical ratio inversions unexpected infusions and twentieth-first-century modern classics of cocktail capitals.,trinidad_sour,Trinidad Sour,Coupe,"1.5 oz Angostura Aromatic Bitters, 1/2 oz Rye Whiskey, 1 oz Orgeat, 3/4 oz Fresh Lemon Juice","Invented in 2009 by John Ermendirck at the NY Cocktail World Cup, boldly deploying Angostura Bitters as the base spirit.","<svg viewBox=""0 0 24 24"" fill=""none"" stroke=""currentColor"" stroke-width=""1.8""><path d=""M5 4h14l-4 7H9L5 4z""></path><line x1=""12"" y1=""11"" x2=""12"" y2=""19""></line><line x1=""8"" y1=""19"" x2=""16"" y2=""19""></line><circle cx=""12"" cy=""8"" r=""1.5""></circle></svg>",white_negroni,White Negroni,Rocks Glass,"1.5 oz Gin, 1 oz Lillet Blanc, 3/4 oz Suze Gentian Liqueur, Grapefruit Twist","Conceived in 2001 by Wayne Collins at VinExpo in Bordeaux, using earthy French gentian and white aromatized wine.","<svg viewBox=""0 0 24 24"" fill=""none"" stroke=""currentColor"" stroke-width=""1.8""><rect x=""6"" y=""6"" width=""12"" height=""14"" rx=""1.5""></rect><line x1=""6"" y1=""11"" x2=""18"" y2=""11""></line><line x1=""10"" y1=""15"" x2=""14"" y2=""15""></line></svg>",enzoni,Enzoni,Rocks Glass,"1 oz London Dry Gin, 1 oz Campari, 3/4 oz Fresh Lemon Juice, 1/2 oz Simple, 5 Muddled Green Grapes","Created in 2003 by Vincenzo Errico at Milk & Honey in NYC, a luminous sour bridging Campari and muddled fresh grapes.","<svg viewBox=""0 0 24 24"" fill=""none"" stroke=""currentColor"" stroke-width=""1.8""><rect x=""6"" y=""6"" width=""12"" height=""14"" rx=""2""></rect><circle cx=""10"" cy=""13"" r=""1.5""></circle><circle cx=""14"" cy=""13"" r=""1.5""></circle><circle cx=""12"" cy=""16"" r=""1.5""></circle></svg>",greenpoint,Greenpoint,Coupe,"2 oz Rye Whiskey, 1/2 oz Yellow Chartreuse, 1/2 oz Sweet Vermouth, Bitters","Crafted in 2006 by Michael McIlroy at Milk & Honey, initiating the trend of Brooklyn-neighbourhood Manhattan riffs.","<svg viewBox=""0 0 24 24"" fill=""none"" stroke=""currentColor"" stroke-width=""1.8""><path d=""M7 4h10l-2 7a3 3 0 0 1-3 3 3 3 0 0 1-3-3L7 4z""></path><line x1=""12"" y1=""14"" x2=""12"" y2=""20""></line><line x1=""9"" y1=""20"" x2=""15"" y2=""20""></line><circle cx=""12"" cy=""8"" r=""1""></circle></svg>",jasmine,Jasmine,Coupe,"1.5 oz Gin, 3/4 oz Fresh Lemon Juice, 1/4 oz Campari, 1/4 oz Cointreau","Created in the mid-1990s by Paul Harrington at the Townhouse Bar & Grill in Emeryville, mimicking fresh pink grapefruit.","<svg viewBox=""0 0 24 24"" fill=""none"" stroke=""currentColor"" stroke-width=""1.8""><path d=""M6 5h12l-3 7H9L6 5z""></path><line x1=""12"" y1=""12"" x2=""12"" y2=""20""></line><line x1=""8"" y1=""20"" x2=""16"" y2=""20""></line><circle cx=""12"" cy=""8"" r=""1.5""></circle></svg>",red_hook,Red Hook,Coupe,"2 oz Rye Whiskey, 1/2 oz Punt e Mes, 1/2 oz Luxardo Maraschino Liqueur, Cherry","Invented in 2003 by Vincenzo Errico at Milk & Honey, setting the gold standard for bittersweet vermouth-maraschino balance.","<svg viewBox=""0 0 24 24"" fill=""none"" stroke=""currentColor"" stroke-width=""1.8""><path d=""M6 4h12l-3 8H9L6 4z""></path><line x1=""12"" y1=""12"" x2=""12"" y2=""20""></line><line x1=""8"" y1=""20"" x2=""16"" y2=""20""></line><line x1=""10"" y1=""7"" x2=""14"" y2=""7""></line></svg>",chet_baker,Chet Baker,Coupe,"2 oz Aged Rum, 1/2 oz Sweet Vermouth, 2 tsp Honey Syrup, 2 dashes Angostura Bitters","Created by Sam Ross in NYC, paying tribute to jazz trumpeter Chet Baker with rich aged rum and honeyed herbal warmth.","<svg viewBox=""0 0 24 24"" fill=""none"" stroke=""currentColor"" stroke-width=""1.8""><path d=""M7 4h10l-2 8a3 3 0 0 1-6 0L7 4z""></path><line x1=""12"" y1=""12"" x2=""12"" y2=""19""></line><line x1=""9"" y1=""19"" x2=""15"" y2=""19""></line><path d=""M12 7l2 3""></path></svg>",twenty_first_century,21st Century,Coupe,"2 oz Blanco Tequila, 3/4 oz White Crème de Cacao, 3/4 oz Fresh Lemon Juice, Pernod Rinse","Invented by Jim Meehan at PDT in New York, brilliantly transposing the 1930s Twentieth Century into the agave era.","<svg viewBox=""0 0 24 24"" fill=""none"" stroke=""currentColor"" stroke-width=""1.8""><path d=""M5 4h14l-4 8H9L5 4z""></path><line x1=""12"" y1=""12"" x2=""12"" y2=""20""></line><line x1=""8"" y1=""20"" x2=""16"" y2=""20""></line><circle cx=""12"" cy=""8"" r=""1.5""></circle></svg>"
2026-09-23,cm-016,Modern Classics & Contemporary Standards,MED,Modern Classics,Pioneering craft bar recipes that reshaped cocktail culture over the late 20th and early 21st centuries.,bramble,Bramble,Rocks Glass,"1.5 oz London Dry Gin, 3/4 oz Lemon Juice, 1/2 oz Simple Syrup, 1/2 oz Crème de Mûre Float","Created in 1984 by Dick Bradsell at Fred's Club in London, invoking memories of British hedgerow blackberry picking.","<svg viewBox=""0 0 24 24"" fill=""none"" stroke=""currentColor"" stroke-width=""1.8""><rect x=""6"" y=""6"" width=""12"" height=""14"" rx=""2""><line x1=""6"" y1=""10"" x2=""18"" y2=""10""><circle cx=""10"" cy=""14"" r=""1.5""><circle cx=""14"" cy=""15"" r=""1.5"">",,,,,,,,,,,,,,,,,,,,,,,,,,,,,,,,,,,,,,,,,,
2026-09-24,cm-017,Modern Classics & Contemporary Standards,MED,Modern Classics,Pioneering craft bar recipes that reshaped cocktail culture over the late 20th and early 21st centuries.,oaxaca_old_fashioned,Oaxaca Old Fashioned,Rocks Glass,"1.5 oz Reposado Tequila, 1/2 oz Mezcal, 1 barspoon Agave Nectar, 2 dashes Angostura","Pioneered in 2007 by Phil Ward at Death & Co in Manhattan, establishing the split-base agave cocktail format.","<svg viewBox=""0 0 24 24"" fill=""none"" stroke=""currentColor"" stroke-width=""1.8""><rect x=""6"" y=""6"" width=""12"" height=""14"" rx=""1.5""><path d=""M12 10c1-2 2-1 2 1s-2 3-2 3-2-1-2-3 1-3 2-1z"">",,,,,,,,,,,,,,,,,,,,,,,,,,,,,,,,,,,,,,,,,,
2026-09-25,cm-018,Modern Classics & Contemporary Standards,MED,Modern Classics,Pioneering craft bar recipes that reshaped cocktail culture over the late 20th and early 21st centuries.,tommys_margarita,Tommy's Margarita,Rocks Glass,"2 oz 100% Agave Blanco Tequila, 1 oz Fresh Lime Juice, 1/2 oz Agave Nectar","Created in the late 1980s by Julio Bermejo at Tommy's in San Francisco, swapping orange liqueur for pure agave nectar.","<svg viewBox=""0 0 24 24"" fill=""none"" stroke=""currentColor"" stroke-width=""1.8""><rect x=""6"" y=""6"" width=""12"" height=""14"" rx=""2""><line x1=""6"" y1=""11"" x2=""18"" y2=""11""><line x1=""10"" y1=""15"" x2=""14"" y2=""15"">",,,,,,,,,,,,,,,,,,,,,,,,,,,,,,,,,,,,,,,,,,
2026-09-26,cm-019,Modern Classics & Contemporary Standards,MED,Modern Classics,Pioneering craft bar recipes that reshaped cocktail culture over the late 20th and early 21st centuries.,revolver,Revolver,Coupe,"2 oz High-Rye Bourbon, 1/2 oz Coffee Liqueur, 2 dashes Orange Bitters, Flamed Orange Peel","Crafted in 2004 by Jon Santer at Bruno's in San Francisco, balancing spicy high-rye bourbon against rich coffee liqueur.","<svg viewBox=""0 0 24 24"" fill=""none"" stroke=""currentColor"" stroke-width=""1.8""><path d=""M6 5h12l-4 7H10L6 5z""><line x1=""12"" y1=""12"" x2=""12"" y2=""20""><line x1=""8"" y1=""20"" x2=""16"" y2=""20""><circle cx=""12"" cy=""8"" r=""1.5"">",,,,,,,,,,,,,,,,,,,,,,,,,,,,,,,,,,,,,,,,,,
2026-09-27,cm-020,"Brandy, Cognac & Grand Fruit",MED,Brandy & Cognac,Elegant copper-pot distillates aged French oak and orchard spirits from Cognac to Calvados and Peru.,sidecar,Sidecar,Coupe,"1.5 oz Cognac, 3/4 oz Cointreau, 3/4 oz Fresh Lemon Juice, Sugared Rim","Born in Paris or London around the end of World War I, named after the motorcycle attachment carrying an eccentric army captain.","<svg viewBox=""0 0 24 24"" fill=""none"" stroke=""currentColor"" stroke-width=""1.8""><path d=""M5 5h14l-4 7H9L5 5z""><line x1=""12"" y1=""12"" x2=""12"" y2=""20""><line x1=""8"" y1=""20"" x2=""16"" y2=""20""><line x1=""4"" y1=""5"" x2=""20"" y2=""5"" stroke-dasharray=""1 1"">",,,,,,,,,,,,,,,,,,,,,,,,,,,,,,,,,,,,,,,,,,
2026-09-28,cm-021,"Brandy, Cognac & Grand Fruit",MED,Brandy & Cognac,Elegant copper-pot distillates aged French oak and orchard spirits from Cognac to Calvados and Peru.,brandy_crusta,Brandy Crusta,Nick & Nora,"2 oz Cognac, 1 tsp Maraschino, 1 tsp Orange Curaçao, 1/2 oz Lemon, 2 dashes Angostura","Invented in the 1850s by Joseph Santini at the City Exchange in New Orleans, the direct forerunner of all Daisy cocktails.","<svg viewBox=""0 0 24 24"" fill=""none"" stroke=""currentColor"" stroke-width=""1.8""><path d=""M7 4h10l-2 8a3 3 0 0 1-6 0L7 4z""><line x1=""12"" y1=""12"" x2=""12"" y2=""19""><line x1=""9"" y1=""19"" x2=""15"" y2=""19""><path d=""M17 3c1 2 0 4-2 5"">",,,,,,,,,,,,,,,,,,,,,,,,,,,,,,,,,,,,,,,,,,
2026-09-29,cm-022,"Brandy, Cognac & Grand Fruit",MED,Brandy & Cognac,Elegant copper-pot distillates aged French oak and orchard spirits from Cognac to Calvados and Peru.,pisco_sour,Pisco Sour,Coupe / Rocks,"2 oz Pisco, 1 oz Fresh Lime Juice, 3/4 oz Simple Syrup, 1 Egg White, Angostura Drops","Devised in the 1920s by Victor Morris at Morris' Bar in Lima, Peru, renowned for its velvety foam capped with aromatic bitters.","<svg viewBox=""0 0 24 24"" fill=""none"" stroke=""currentColor"" stroke-width=""1.8""><path d=""M7 5h10l-2 9H9L7 5z""><line x1=""7"" y1=""8"" x2=""17"" y2=""8""><circle cx=""10"" cy=""6.5"" r=""0.5""><circle cx=""12"" cy=""6.5"" r=""0.5""><circle cx=""14"" cy=""6.5"" r=""0.5"">",,,,,,,,,,,,,,,,,,,,,,,,,,,,,,,,,,,,,,,,,,
2026-09-30,cm-023,"Brandy, Cognac & Grand Fruit",MED,Brandy & Cognac,Elegant copper-pot distillates aged French oak and orchard spirits from Cognac to Calvados and Peru.,brandy_alexander,Brandy Alexander,Coupe,"1 oz Cognac, 1 oz Dark Crème de Cacao, 1 oz Heavy Cream, Fresh Nutmeg","A decadent dessert cocktail derived from the earlier gin-based Alexander, celebrated in 1920s European high society.","<svg viewBox=""0 0 24 24"" fill=""none"" stroke=""currentColor"" stroke-width=""1.8""><path d=""M6 5h12l-3 7H9L6 5z""><line x1=""12"" y1=""12"" x2=""12"" y2=""20""><line x1=""8"" y1=""20"" x2=""16"" y2=""20""><circle cx=""11"" cy=""8"" r=""0.5""><circle cx=""13"" cy=""8"" r=""0.5"">",,,,,,,,,,,,,,,,,,,,,,,,,,,,,,,,,,,,,,,,,,
2026-10-01,cm-024,"Brandy, Cognac & Grand Fruit",MED,Brandy & Cognac,Elegant copper-pot distillates aged French oak and orchard spirits from Cognac to Calvados and Peru.,jack_rose,Jack Rose,Coupe,"2 oz Applejack, 3/4 oz Lemon Juice, 1/2 oz Real Pomegranate Grenadine","A vibrant pre-Prohibition sour highlighting American apple brandy, immortalized by Ernest Hemingway in The Sun Also Rises.","<svg viewBox=""0 0 24 24"" fill=""none"" stroke=""currentColor"" stroke-width=""1.8""><path d=""M5 4h14l-4 8H9L5 4z""><line x1=""12"" y1=""12"" x2=""12"" y2=""20""><line x1=""8"" y1=""20"" x2=""16"" y2=""20""><circle cx=""12"" cy=""7"" r=""1.5"">",,,,,,,,,,,,,,,,,,,,,,,,,,,,,,,,,,,,,,,,,,
2026-10-02,cm-025,"Brandy, Cognac & Grand Fruit",MED,Brandy & Cognac,Elegant copper-pot distillates aged French oak and orchard spirits from Cognac to Calvados and Peru.,champs_elysees,Champs-Élysées,Coupe,"1.5 oz Cognac, 1/2 oz Green Chartreuse, 3/4 oz Lemon Juice, 1/4 oz Simple, Angostura","First recorded in Harry Craddock's 1930 Savoy Cocktail Book, named after the iconic Parisian boulevard.","<svg viewBox=""0 0 24 24"" fill=""none"" stroke=""currentColor"" stroke-width=""1.8""><path d=""M6 4h12l-2 7a4 4 0 0 1-8 0L6 4z""><line x1=""12"" y1=""11"" x2=""12"" y2=""19""><line x1=""8"" y1=""19"" x2=""16"" y2=""19""><path d=""M10 7h4"">",,,,,,,,,,,,,,,,,,,,,,,,,,,,,,,,,,,,,,,,,,
2026-10-03,cm-026,"Brandy, Cognac & Grand Fruit",MED,Brandy & Cognac,Elegant copper-pot distillates aged French oak and orchard spirits from Cognac to Calvados and Peru.,stinger,Stinger,Rocks / Coupe,"2 oz Cognac, 3/4 oz White Crème de Menthe",The quintessential Gilded Age society drink championed by millionaire Reginald Vanderbilt as an aristocratic nightcap.,"<svg viewBox=""0 0 24 24"" fill=""none"" stroke=""currentColor"" stroke-width=""1.8""><rect x=""6"" y=""6"" width=""12"" height=""14"" rx=""1.5""><line x1=""6"" y1=""11"" x2=""18"" y2=""11""><path d=""M12 13l2 4"">",,,,,,,,,,,,,,,,,,,,,,,,,,,,,,,,,,,,,,,,,,
2026-10-04,cm-027,"Brandy, Cognac & Grand Fruit",MED,Brandy & Cognac,Elegant copper-pot distillates aged French oak and orchard spirits from Cognac to Calvados and Peru.,french_connection,French Connection,Rocks Glass,"1.5 oz Cognac, 1 oz Amaretto Liqueur","Named after the 1971 Oscar-winning crime thriller, pairing rich oak-aged French grape brandy with sweet Italian almond liqueur.","<svg viewBox=""0 0 24 24"" fill=""none"" stroke=""currentColor"" stroke-width=""1.8""><rect x=""6"" y=""6"" width=""12"" height=""14"" rx=""2""><line x1=""6"" y1=""13"" x2=""18"" y2=""13""><line x1=""10"" y1=""16"" x2=""14"" y2=""16"">",,,,,,,,,,,,,,,,,,,,,,,,,,,,,,,,,,,,,,,,,,
2026-10-05,cm-028,Agave Expressions & Regional Terroir,HARD,Agave Spirits,Artisanal mezcals mountain tequilas and vibrant Latin American highballs showcasing smoke earth and citrus.,el_diablo,El Diablo,Highball,"1.5 oz Reposado Tequila, 1/2 oz Crème de Cassis, 1/2 oz Lime Juice, Ginger Beer","First published in Trader Vic's 1946 Book of Food and Drink, a rare tiki-era Mexican highball with a dark blackcurrant float.","<svg viewBox=""0 0 24 24"" fill=""none"" stroke=""currentColor"" stroke-width=""1.8""><rect x=""7"" y=""4"" width=""10"" height=""16"" rx=""1""><line x1=""7"" y1=""7"" x2=""17"" y2=""7""><line x1=""7"" y1=""10"" x2=""17"" y2=""10"">",,,,,,,,,,,,,,,,,,,,,,,,,,,,,,,,,,,,,,,,,,
2026-10-06,cm-029,Agave Expressions & Regional Terroir,HARD,Agave Spirits,Artisanal mezcals mountain tequilas and vibrant Latin American highballs showcasing smoke earth and citrus.,batanga,Batanga,Highball,"2 oz Blanco Tequila, 1/2 oz Fresh Lime Juice, Mexican Coca-Cola, Salted Rim","Created in 1953 by Don Javier Delgado Corona at La Capilla in Tequila, Mexico, traditionally stirred with a knife.","<svg viewBox=""0 0 24 24"" fill=""none"" stroke=""currentColor"" stroke-width=""1.8""><rect x=""7"" y=""4"" width=""10"" height=""16"" rx=""1""><line x1=""12"" y1=""2"" x2=""12"" y2=""17""><line x1=""10"" y1=""9"" x2=""14"" y2=""9"">",,,,,,,,,,,,,,,,,,,,,,,,,,,,,,,,,,,,,,,,,,
2026-10-07,cm-030,Agave Expressions & Regional Terroir,HARD,Agave Spirits,Artisanal mezcals mountain tequilas and vibrant Latin American highballs showcasing smoke earth and citrus.,siesta,Siesta,Coupe,"1.5 oz Blanco Tequila, 1/2 oz Campari, 1/2 oz Grapefruit, 1/2 oz Lime, 1/2 oz Simple","Invented in 2006 by Katie Stipe at NYC's Flatiron Lounge, introducing Italian bitter aperitivo structure to agave and citrus.","<svg viewBox=""0 0 24 24"" fill=""none"" stroke=""currentColor"" stroke-width=""1.8""><path d=""M5 5h14l-4 7H9L5 5z""><line x1=""12"" y1=""12"" x2=""12"" y2=""20""><line x1=""8"" y1=""20"" x2=""16"" y2=""20""><circle cx=""12"" cy=""8"" r=""1.5"">",,,,,,,,,,,,,,,,,,,,,,,,,,,,,,,,,,,,,,,,,,
2026-10-08,cm-031,Agave Expressions & Regional Terroir,HARD,Agave Spirits,Artisanal mezcals mountain tequilas and vibrant Latin American highballs showcasing smoke earth and citrus.,division_bell,Division Bell,Coupe,"1 oz Mezcal, 3/4 oz Aperol, 1/2 oz Maraschino Liqueur, 3/4 oz Fresh Lime Juice","Crafted in 2009 by Phil Ward for Mayahuel in Manhattan, named in homage to Pink Floyd's 1994 studio album.","<svg viewBox=""0 0 24 24"" fill=""none"" stroke=""currentColor"" stroke-width=""1.8""><path d=""M6 5h12l-3 7H9L6 5z""><line x1=""12"" y1=""12"" x2=""12"" y2=""20""><line x1=""8"" y1=""20"" x2=""16"" y2=""20""><path d=""M10 8h4"">",,,,,,,,,,,,,,,,,,,,,,,,,,,,,,,,,,,,,,,,,,
2026-10-09,cm-032,Agave Expressions & Regional Terroir,HARD,Agave Spirits,Artisanal mezcals mountain tequilas and vibrant Latin American highballs showcasing smoke earth and citrus.,rosita,Rosita,Rocks Glass,"1.5 oz Reposado Tequila, 1/2 oz Campari, 1/2 oz Sweet Vermouth, 1/2 oz Dry Vermouth, Angostura",A sophisticated dual-vermouth agave Negroni variation popularized in the 1980s by cocktail historian Gary Regan.,"<svg viewBox=""0 0 24 24"" fill=""none"" stroke=""currentColor"" stroke-width=""1.8""><rect x=""6"" y=""6"" width=""12"" height=""14"" rx=""1.5""><line x1=""6"" y1=""11"" x2=""18"" y2=""11""><circle cx=""12"" cy=""15"" r=""2"">",,,,,,,,,,,,,,,,,,,,,,,,,,,,,,,,,,,,,,,,,,
2026-10-10,cm-033,Agave Expressions & Regional Terroir,HARD,Agave Spirits,Artisanal mezcals mountain tequilas and vibrant Latin American highballs showcasing smoke earth and citrus.,caipirinha,Caipirinha,Rocks Glass,"2 oz Cachaça, 1 Fresh Lime (Cut into Wedges), 2 tsp Sugar",Brazil's national cocktail muddled directly in the glass with fresh lime and raw sugar to showcase fresh sugarcane juice.,"<svg viewBox=""0 0 24 24"" fill=""none"" stroke=""currentColor"" stroke-width=""1.8""><rect x=""6"" y=""6"" width=""12"" height=""14"" rx=""1.5""><path d=""M9 13a3 3 0 0 0 6 0z"">",,,,,,,,,,,,,,,,,,,,,,,,,,,,,,,,,,,,,,,,,,
2026-10-11,cm-034,Agave Expressions & Regional Terroir,HARD,Agave Spirits,Artisanal mezcals mountain tequilas and vibrant Latin American highballs showcasing smoke earth and citrus.,mexican_firing_squad,Mexican Firing Squad,Collins Glass,"2 oz Blanco Tequila, 3/4 oz Lime Juice, 3/4 oz Real Grenadine, 2 dashes Angostura",Documented in 1937 by globetrotter Charles H. Baker Jr. at the La Cucaracha Club in Mexico City.,"<svg viewBox=""0 0 24 24"" fill=""none"" stroke=""currentColor"" stroke-width=""1.8""><rect x=""8"" y=""4"" width=""8"" height=""16"" rx=""1""><line x1=""8"" y1=""10"" x2=""16"" y2=""10""><circle cx=""12"" cy=""14"" r=""1"">",,,,,,,,,,,,,,,,,,,,,,,,,,,,,,,,,,,,,,,,,,
2026-10-12,cm-035,Agave Expressions & Regional Terroir,HARD,Agave Spirits,Artisanal mezcals mountain tequilas and vibrant Latin American highballs showcasing smoke earth and citrus.,matador,Matador,Coupe,"1.5 oz Blanco Tequila, 2 oz Pineapple Juice, 1/2 oz Fresh Lime Juice",A mid-century classic sour celebrating the natural affinity between earthy highland agave and frothy pineapple juice.,"<svg viewBox=""0 0 24 24"" fill=""none"" stroke=""currentColor"" stroke-width=""1.8""><path d=""M7 4h10l-2 9H9L7 4z""><line x1=""12"" y1=""13"" x2=""12"" y2=""20""><line x1=""9"" y1=""20"" x2=""15"" y2=""20"">",,,,,,,,,,,,,,,,,,,,,,,,,,,,,,,,,,,,,,,,,,
2026-10-13,cm-036,Grand Hotel Bars & Forgotten Gold,EXPERT,Vintage & Hotel Bars,Lost gems obscure society sippers and historic formulas codified across Paris London New York and Yokohama.,sherry_cobbler,Sherry Cobbler,Highball / Goblet,"3.5 oz Amontillado Sherry, 1/2 oz Simple Syrup, 2 Orange Slices, Fresh Berries",The mid-nineteenth-century craze that popularized both the drinking straw and cocktail shaker worldwide.,"<svg viewBox=""0 0 24 24"" fill=""none"" stroke=""currentColor"" stroke-width=""1.8""><rect x=""7"" y=""5"" width=""10"" height=""15"" rx=""1.5""><line x1=""14"" y1=""2"" x2=""11"" y2=""16""><circle cx=""9"" cy=""10"" r=""1""><circle cx=""13"" cy=""12"" r=""1"">",,,,,,,,,,,,,,,,,,,,,,,,,,,,,,,,,,,,,,,,,,
2026-10-14,cm-037,Grand Hotel Bars & Forgotten Gold,EXPERT,Vintage & Hotel Bars,Lost gems obscure society sippers and historic formulas codified across Paris London New York and Yokohama.,monkey_gland,Monkey Gland,Coupe,"1.5 oz Gin, 1.5 oz Fresh Orange Juice, 1 tsp Grenadine, 1 tsp Absinthe","Invented in the 1920s by Harry MacElhone at Harry's New York Bar in Paris, named after eccentric longevity experiments.","<svg viewBox=""0 0 24 24"" fill=""none"" stroke=""currentColor"" stroke-width=""1.8""><path d=""M6 5h12l-3 7H9L6 5z""><line x1=""12"" y1=""12"" x2=""12"" y2=""20""><line x1=""8"" y1=""20"" x2=""16"" y2=""20""><line x1=""9"" y1=""8"" x2=""15"" y2=""8"">",,,,,,,,,,,,,,,,,,,,,,,,,,,,,,,,,,,,,,,,,,
2026-10-15,cm-038,Grand Hotel Bars & Forgotten Gold,EXPERT,Vintage & Hotel Bars,Lost gems obscure society sippers and historic formulas codified across Paris London New York and Yokohama.,twentieth_century,Twentieth Century,Coupe,"1.5 oz Gin, 3/4 oz Lillet Blanc, 1/2 oz White Crème de Cacao, 3/4 oz Lemon Juice",Created in 1937 by British bartender C.A. Tuck to honor the Twentieth Century Limited luxury passenger train.,"<svg viewBox=""0 0 24 24"" fill=""none"" stroke=""currentColor"" stroke-width=""1.8""><path d=""M5 4h14l-4 8H9L5 4z""><line x1=""12"" y1=""12"" x2=""12"" y2=""20""><line x1=""8"" y1=""20"" x2=""16"" y2=""20""><circle cx=""12"" cy=""8"" r=""1.5"">",,,,,,,,,,,,,,,,,,,,,,,,,,,,,,,,,,,,,,,,,,
2026-10-16,cm-039,Grand Hotel Bars & Forgotten Gold,EXPERT,Vintage & Hotel Bars,Lost gems obscure society sippers and historic formulas codified across Paris London New York and Yokohama.,mary_pickford,Mary Pickford,Coupe,"1.5 oz White Rum, 1.5 oz Fresh Pineapple Juice, 1 tsp Maraschino, 1 tsp Grenadine",Conceived at the Hotel Nacional de Cuba in Havana during Prohibition to honor America's sweetheart.,"<svg viewBox=""0 0 24 24"" fill=""none"" stroke=""currentColor"" stroke-width=""1.8""><path d=""M6 4h12l-2 8H8L6 4z""><line x1=""12"" y1=""12"" x2=""12"" y2=""20""><line x1=""8"" y1=""20"" x2=""16"" y2=""20""><path d=""M10 7h4"">",,,,,,,,,,,,,,,,,,,,,,,,,,,,,,,,,,,,,,,,,,
2026-10-17,cm-040,Grand Hotel Bars & Forgotten Gold,EXPERT,Vintage & Hotel Bars,Lost gems obscure society sippers and historic formulas codified across Paris London New York and Yokohama.,widows_kiss,Widow's Kiss,Coupe,"1.5 oz Calvados, 3/4 oz Yellow Chartreuse, 3/4 oz Bénédictine, 2 dashes Angostura","Codified in 1895 by George J. Kappeler at New York's St. Nicholas Hotel, a potent marriage of apple brandy and monastic herbal liqueurs.","<svg viewBox=""0 0 24 24"" fill=""none"" stroke=""currentColor"" stroke-width=""1.8""><path d=""M7 4h10l-2 7a3 3 0 0 1-6 0L7 4z""><line x1=""12"" y1=""11"" x2=""12"" y2=""19""><line x1=""9"" y1=""19"" x2=""15"" y2=""19""><circle cx=""12"" cy=""7"" r=""1"">",,,,,,,,,,,,,,,,,,,,,,,,,,,,,,,,,,,,,,,,,,
2026-10-18,cm-041,Grand Hotel Bars & Forgotten Gold,EXPERT,Vintage & Hotel Bars,Lost gems obscure society sippers and historic formulas codified across Paris London New York and Yokohama.,adonis,Adonis,Nick & Nora,"1.5 oz Fino Sherry, 1.5 oz Sweet Vermouth, 2 dashes Orange Bitters",Created in the mid-1880s at New York's Hoffman House celebrating the milestone 500th performance of the Broadway musical Adonis.,"<svg viewBox=""0 0 24 24"" fill=""none"" stroke=""currentColor"" stroke-width=""1.8""><path d=""M7 5h10l-2 7a3 3 0 0 1-6 0L7 5z""><line x1=""12"" y1=""12"" x2=""12"" y2=""19""><line x1=""9"" y1=""19"" x2=""15"" y2=""19"">",,,,,,,,,,,,,,,,,,,,,,,,,,,,,,,,,,,,,,,,,,
2026-10-19,cm-042,Grand Hotel Bars & Forgotten Gold,EXPERT,Vintage & Hotel Bars,Lost gems obscure society sippers and historic formulas codified across Paris London New York and Yokohama.,chrysanthemum,Chrysanthemum,Coupe,"2 oz Dry Vermouth, 1 oz Bénédictine, 3 dashes Absinthe",A celebrated low-proof aromatic aperitif first published in Hugo Ensslin's 1916 Recipes for Mixed Drinks.,"<svg viewBox=""0 0 24 24"" fill=""none"" stroke=""currentColor"" stroke-width=""1.8""><path d=""M6 5h12l-4 7H10L6 5z""><line x1=""12"" y1=""12"" x2=""12"" y2=""20""><line x1=""8"" y1=""20"" x2=""16"" y2=""20""><circle cx=""12"" cy=""8"" r=""1.5"">",,,,,,,,,,,,,,,,,,,,,,,,,,,,,,,,,,,,,,,,,,
2026-10-20,cm-043,Grand Hotel Bars & Forgotten Gold,EXPERT,Vintage & Hotel Bars,Lost gems obscure society sippers and historic formulas codified across Paris London New York and Yokohama.,red_snapper,Red Snapper,Highball,"1.5 oz Gin, 3 oz Tomato Juice, 1/2 oz Lemon, Worcestershire, Tabasco, Celery Salt",The original gin-based precursor to the Bloody Mary perfected by Fernand Petiot at the St. Regis New York's King Cole Bar in 1934.,"<svg viewBox=""0 0 24 24"" fill=""none"" stroke=""currentColor"" stroke-width=""1.8""><rect x=""7"" y=""5"" width=""10"" height=""15"" rx=""1""><line x1=""13"" y1=""2"" x2=""11"" y2=""16""><line x1=""7"" y1=""10"" x2=""17"" y2=""10"">",,,,,,,,,,,,,,,,,,,,,,,,,,,,,,,,,,,,,,,,,,
2026-10-21,cm-044,Gin Heritage & The Martini Realm,EASY,Gin & Botanicals,Crisp juniper expressions fortified vermouths and timeless iterations of the world's most iconic cocktail.,dry_martini,Dry Martini,Martini Glass,"2.5 oz London Dry Gin, 1/2 oz Dry Vermouth, 1 dash Orange Bitters, Lemon Twist or Olive",The quintessential cocktail archetype stirred to silky clarity and served in its namesake V-shaped stemware.,"<svg viewBox=""0 0 24 24"" fill=""none"" stroke=""currentColor"" stroke-width=""1.8""><path d=""M5 4h14l-7 9-7-9z""><line x1=""12"" y1=""13"" x2=""12"" y2=""20""><line x1=""8"" y1=""20"" x2=""16"" y2=""20"">",,,,,,,,,,,,,,,,,,,,,,,,,,,,,,,,,,,,,,,,,,
2026-10-22,cm-045,Gin Heritage & The Martini Realm,EASY,Gin & Botanicals,Crisp juniper expressions fortified vermouths and timeless iterations of the world's most iconic cocktail.,gibson,Gibson,Martini Glass,"2.5 oz Gin, 1/2 oz Dry Vermouth, Cocktail Onion Garnish","Distinguished from the standard Martini by its savoury pickled cocktail onion garnish, popularized at NYC's Players Club.","<svg viewBox=""0 0 24 24"" fill=""none"" stroke=""currentColor"" stroke-width=""1.8""><path d=""M5 4h14l-7 9-7-9z""><line x1=""12"" y1=""13"" x2=""12"" y2=""20""><line x1=""8"" y1=""20"" x2=""16"" y2=""20""><circle cx=""12"" cy=""8"" r=""1.5"">",,,,,,,,,,,,,,,,,,,,,,,,,,,,,,,,,,,,,,,,,,
2026-10-23,cm-046,Gin Heritage & The Martini Realm,EASY,Gin & Botanicals,Crisp juniper expressions fortified vermouths and timeless iterations of the world's most iconic cocktail.,vesper,Vesper,Martini Glass,"3 oz Gordon's Gin, 1 oz Vodka, 1/2 oz Kina Lillet or Cocchi Americano, Lemon Peel",Created by Ian Fleming in the 1953 James Bond novel Casino Royale and named after double agent Vesper Lynd.,"<svg viewBox=""0 0 24 24"" fill=""none"" stroke=""currentColor"" stroke-width=""1.8""><path d=""M6 4h12l-6 8-6-8z""><line x1=""12"" y1=""12"" x2=""12"" y2=""20""><line x1=""8"" y1=""20"" x2=""16"" y2=""20""><path d=""M10 7c2-1 4 1 2 2"">",,,,,,,,,,,,,,,,,,,,,,,,,,,,,,,,,,,,,,,,,,
2026-10-24,cm-047,Gin Heritage & The Martini Realm,EASY,Gin & Botanicals,Crisp juniper expressions fortified vermouths and timeless iterations of the world's most iconic cocktail.,bees_knees,Bee's Knees,Coupe,"2 oz Gin, 3/4 oz Fresh Lemon Juice, 3/4 oz Honey Syrup (3:1)",A Prohibition-era favourite using aromatic honey and tart citrus to mask the roughness of bathtub gin.,"<svg viewBox=""0 0 24 24"" fill=""none"" stroke=""currentColor"" stroke-width=""1.8""><path d=""M5 5h14l-4 7H9L5 5z""><line x1=""12"" y1=""12"" x2=""12"" y2=""20""><line x1=""8"" y1=""20"" x2=""16"" y2=""20""><circle cx=""12"" cy=""8"" r=""1.5"">",,,,,,,,,,,,,,,,,,,,,,,,,,,,,,,,,,,,,,,,,,
2026-10-25,cm-048,Gin Heritage & The Martini Realm,EASY,Gin & Botanicals,Crisp juniper expressions fortified vermouths and timeless iterations of the world's most iconic cocktail.,white_lady,White Lady,Coupe,"1.5 oz Gin, 3/4 oz Cointreau, 3/4 oz Fresh Lemon Juice, Egg White","Perfected by Harry Craddock at the Savoy American Bar in 1929, creating a silky citrus foam cap.","<svg viewBox=""0 0 24 24"" fill=""none"" stroke=""currentColor"" stroke-width=""1.8""><path d=""M6 5h12l-3 7H9L6 5z""><line x1=""12"" y1=""12"" x2=""12"" y2=""20""><line x1=""8"" y1=""20"" x2=""16"" y2=""20""><line x1=""8"" y1=""8"" x2=""16"" y2=""8"">",,,,,,,,,,,,,,,,,,,,,,,,,,,,,,,,,,,,,,,,,,
2026-10-26,cm-049,Gin Heritage & The Martini Realm,EASY,Gin & Botanicals,Crisp juniper expressions fortified vermouths and timeless iterations of the world's most iconic cocktail.,southside,Southside,Coupe,"2 oz London Dry Gin, 3/4 oz Fresh Lime Juice, 3/4 oz Simple Syrup, 6-8 Fresh Mint Leaves",Reputedly the preferred refreshment of Al Capone's gang on Chicago's South Side during Prohibition.,"<svg viewBox=""0 0 24 24"" fill=""none"" stroke=""currentColor"" stroke-width=""1.8""><path d=""M5 4h14l-4 8H9L5 4z""><line x1=""12"" y1=""12"" x2=""12"" y2=""20""><line x1=""8"" y1=""20"" x2=""16"" y2=""20""><path d=""M12 7c1-2 3-1 2 2s-3 1-2-2z"">",,,,,,,,,,,,,,,,,,,,,,,,,,,,,,,,,,,,,,,,,,
2026-10-27,cm-050,Gin Heritage & The Martini Realm,EASY,Gin & Botanicals,Crisp juniper expressions fortified vermouths and timeless iterations of the world's most iconic cocktail.,alaska,Alaska,Coupe / Nick & Nora,"2 oz Gin, 3/4 oz Yellow Chartreuse, 1 dash Orange Bitters","A gilded variation of the Martini featuring saffron-scented Yellow Chartreuse, codified in Jacques Straub's 1913 Drinks.","<svg viewBox=""0 0 24 24"" fill=""none"" stroke=""currentColor"" stroke-width=""1.8""><path d=""M6 4h12l-3 8H9L6 4z""><line x1=""12"" y1=""12"" x2=""12"" y2=""20""><line x1=""8"" y1=""20"" x2=""16"" y2=""20""><line x1=""10"" y1=""8"" x2=""14"" y2=""8"">",,,,,,,,,,,,,,,,,,,,,,,,,,,,,,,,,,,,,,,,,,
2026-10-28,cm-051,Gin Heritage & The Martini Realm,EASY,Gin & Botanicals,Crisp juniper expressions fortified vermouths and timeless iterations of the world's most iconic cocktail.,tuxedo_no_2,Tuxedo No. 2,Coupe,"2 oz Old Tom Gin, 1 oz Dry Vermouth, 1/4 oz Maraschino, 2 dashes Absinthe, Bitters","Created at the Tuxedo Club in Orange County, New York, showcasing rich Old Tom gin and botanical complexity.","<svg viewBox=""0 0 24 24"" fill=""none"" stroke=""currentColor"" stroke-width=""1.8""><path d=""M7 4h10l-2 8a3 3 0 0 1-6 0L7 4z""><line x1=""12"" y1=""12"" x2=""12"" y2=""19""><line x1=""9"" y1=""19"" x2=""15"" y2=""19""><circle cx=""12"" cy=""8"" r=""1"">",,,,,,,,,,,,,,,,,,,,,,,,,,,,,,,,,,,,,,,,,,
2026-10-29,cm-052,Caribbean Rums & Island Punch,MED,Rum & Tropical Traditions,Crushed ice harmonies fresh sugarcane juices citrus cordials and historic punches of the West Indies.,mojito,Mojito,Highball,"2 oz White Rum, 3/4 oz Lime Juice, 1/2 oz Simple Syrup, 8 Fresh Mint Leaves, Club Soda","Havana's historic street refresher muddled gently with mint and sweetened lime, loved by poet Langston Hughes.","<svg viewBox=""0 0 24 24"" fill=""none"" stroke=""currentColor"" stroke-width=""1.8""><rect x=""7"" y=""4"" width=""10"" height=""16"" rx=""1""><line x1=""7"" y1=""9"" x2=""17"" y2=""9""><path d=""M12 11c1-2 3-1 2 2s-3 1-2-2z"">",,,,,,,,,,,,,,,,,,,,,,,,,,,,,,,,,,,,,,,,,,
2026-10-30,cm-053,Caribbean Rums & Island Punch,MED,Rum & Tropical Traditions,Crushed ice harmonies fresh sugarcane juices citrus cordials and historic punches of the West Indies.,pina_colada,Piña Colada,Hurricane Glass,"2 oz White Rum, 1.5 oz Cream of Coconut, 1.5 oz Fresh Pineapple Juice, 1/2 oz Lime","Proclaimed the national beverage of Puerto Rico in 1978, perfected at the Caribe Hilton in San Juan.","<svg viewBox=""0 0 24 24"" fill=""none"" stroke=""currentColor"" stroke-width=""1.8""><path d=""M7 4h10c0 4-3 6-3 8 0 3 3 5 3 8H7c0-3 3-5 3-8 0-2-3-4-3-8z""><circle cx=""12"" cy=""7"" r=""1.5"">",,,,,,,,,,,,,,,,,,,,,,,,,,,,,,,,,,,,,,,,,,
2026-10-31,cm-054,Caribbean Rums & Island Punch,MED,Rum & Tropical Traditions,Crushed ice harmonies fresh sugarcane juices citrus cordials and historic punches of the West Indies.,planters_punch,Planter's Punch,Highball,"3 oz Dark Jamaican Rum, 1 oz Fresh Lime Juice, 1/2 oz Grenadine, 1/2 oz Simple Syrup","Built on the traditional Jamaican rhyme: 'One of sour, two of sweet, three of strong, four of weak.'","<svg viewBox=""0 0 24 24"" fill=""none"" stroke=""currentColor"" stroke-width=""1.8""><rect x=""7"" y=""4"" width=""10"" height=""16"" rx=""1""><line x1=""7"" y1=""12"" x2=""17"" y2=""12""><line x1=""10"" y1=""7"" x2=""14"" y2=""7"">",,,,,,,,,,,,,,,,,,,,,,,,,,,,,,,,,,,,,,,,,,
2026-11-01,cm-055,Caribbean Rums & Island Punch,MED,Rum & Tropical Traditions,Crushed ice harmonies fresh sugarcane juices citrus cordials and historic punches of the West Indies.,navy_grog,Navy Grog,Double Rocks,"1 oz Light Rum, 1 oz Gold Rum, 1 oz Demerara Rum, 3/4 oz Lime, 3/4 oz Grapefruit, Honey Syrup",A potent Don the Beachcomber staple famously garnished with an upright cone of frozen shaved ice.,"<svg viewBox=""0 0 24 24"" fill=""none"" stroke=""currentColor"" stroke-width=""1.8""><rect x=""6"" y=""6"" width=""12"" height=""14"" rx=""1.5""><polygon points=""12 3 14 9 10 9 12 3"">",,,,,,,,,,,,,,,,,,,,,,,,,,,,,,,,,,,,,,,,,,
2026-11-02,cm-056,Caribbean Rums & Island Punch,MED,Rum & Tropical Traditions,Crushed ice harmonies fresh sugarcane juices citrus cordials and historic punches of the West Indies.,corn_n_oil,Corn 'n Oil,Rocks Glass,"2 oz Aged Barbados Rum, 1/2 oz Velvet Falernum, 1/2 oz Lime Juice, 2 dashes Angostura","Barbados' quintessential layered drink, named after the dark oil slick appearance of rum floating on falernum.","<svg viewBox=""0 0 24 24"" fill=""none"" stroke=""currentColor"" stroke-width=""1.8""><rect x=""6"" y=""6"" width=""12"" height=""14"" rx=""1.5""><line x1=""6"" y1=""10"" x2=""18"" y2=""10""><path d=""M8 14c3-2 5 2 8 0"">",,,,,,,,,,,,,,,,,,,,,,,,,,,,,,,,,,,,,,,,,,
2026-11-03,cm-057,Caribbean Rums & Island Punch,MED,Rum & Tropical Traditions,Crushed ice harmonies fresh sugarcane juices citrus cordials and historic punches of the West Indies.,hotel_nacional,Hotel Nacional Special,Coupe,"1.5 oz White Rum, 1/4 oz Apricot Brandy, 1 oz Fresh Pineapple Juice, 1/2 oz Lime Juice",Created by Wil P. Taylor at Havana's illustrious Hotel Nacional during the golden age of Cuban tourism.,"<svg viewBox=""0 0 24 24"" fill=""none"" stroke=""currentColor"" stroke-width=""1.8""><path d=""M5 4h14l-4 7H9L5 4z""><line x1=""12"" y1=""11"" x2=""12"" y2=""19""><line x1=""8"" y1=""19"" x2=""16"" y2=""19""><circle cx=""12"" cy=""7"" r=""1"">",,,,,,,,,,,,,,,,,,,,,,,,,,,,,,,,,,,,,,,,,,
2026-11-04,cm-058,Caribbean Rums & Island Punch,MED,Rum & Tropical Traditions,Crushed ice harmonies fresh sugarcane juices citrus cordials and historic punches of the West Indies.,rum_runner,Rum Runner,Hurricane Glass,"1 oz Light Rum, 1 oz Navy Rum, 1/2 oz Blackberry Liqueur, 1/2 oz Banana Liqueur, Orange, Lime","Invented in the late 1940s at the Holiday Isle Tire Lounge in Islamorada, Florida Keys.","<svg viewBox=""0 0 24 24"" fill=""none"" stroke=""currentColor"" stroke-width=""1.8""><path d=""M7 4h10c0 4-3 6-3 8 0 3 3 5 3 8H7c0-3 3-5 3-8 0-2-3-4-3-8z""><line x1=""7"" y1=""10"" x2=""17"" y2=""10"">",,,,,,,,,,,,,,,,,,,,,,,,,,,,,,,,,,,,,,,,,,
2026-11-05,cm-059,Caribbean Rums & Island Punch,MED,Rum & Tropical Traditions,Crushed ice harmonies fresh sugarcane juices citrus cordials and historic punches of the West Indies.,kingston_negroni,Kingston Negroni,Rocks Glass,"1 oz High-Ester Jamaican Pot Still Rum, 1 oz Campari, 1 oz Sweet Vermouth","Crafted in 2009 by Joaquín Simó at Death & Co, replacing gin with robust, funky Jamaican pot-still rum.","<svg viewBox=""0 0 24 24"" fill=""none"" stroke=""currentColor"" stroke-width=""1.8""><rect x=""6"" y=""5"" width=""12"" height=""15"" rx=""1.5""><line x1=""6"" y1=""10"" x2=""18"" y2=""10""><circle cx=""12"" cy=""15"" r=""2"">",,,,,,,,,,,,,,,,,,,,,,,,,,,,,,,,,,,,,,,,,,
2026-11-06,cm-060,"Amari, Botanicals & Alpine Bitters",MED,Amaro & Aperitifs,Complex bittersweet digestifs alpine herbs and Italian aperitivo traditions celebrated across Europe.,black_manhattan,Black Manhattan,Coupe,"2 oz Rye Whiskey, 1 oz Amaro Averna, 1 dash Angostura Bitters, 1 dash Regans' Orange Bitters","Devised in 2005 by Todd Smith at Bourbon & Branch in San Francisco, swapping sweet vermouth for Sicilian Averna.","<svg viewBox=""0 0 24 24"" fill=""none"" stroke=""currentColor"" stroke-width=""1.8""><path d=""M7 4h10l-2 7a3 3 0 0 1-3 3 3 3 0 0 1-3-3L7 4z""><line x1=""12"" y1=""14"" x2=""12"" y2=""20""><line x1=""9"" y1=""20"" x2=""15"" y2=""20"">",,,,,,,,,,,,,,,,,,,,,,,,,,,,,,,,,,,,,,,,,,
2026-11-07,cm-061,"Amari, Botanicals & Alpine Bitters",MED,Amaro & Aperitifs,Complex bittersweet digestifs alpine herbs and Italian aperitivo traditions celebrated across Europe.,garibaldi,Garibaldi,Highball,"1.5 oz Campari, 4 oz Fluffy Fresh Orange Juice, Orange Wedge","Named after Italian revolutionary Giuseppe Garibaldi, elevated at NYC's Dante using high-speed aerated juice.","<svg viewBox=""0 0 24 24"" fill=""none"" stroke=""currentColor"" stroke-width=""1.8""><rect x=""7"" y=""4"" width=""10"" height=""16"" rx=""1""><line x1=""7"" y1=""12"" x2=""17"" y2=""12""><circle cx=""12"" cy=""8"" r=""2"">",,,,,,,,,,,,,,,,,,,,,,,,,,,,,,,,,,,,,,,,,,
2026-11-08,cm-062,"Amari, Botanicals & Alpine Bitters",MED,Amaro & Aperitifs,Complex bittersweet digestifs alpine herbs and Italian aperitivo traditions celebrated across Europe.,cynar_julep,Cynar Julep,Julep Cup / Highball,"2 oz Cynar, 1/2 oz Grapefruit Juice, 1/2 oz Lemon Juice, 1/2 oz Simple Syrup, Fresh Mint","An Italian twist on the classic Southern Julep, centering the bittersweet artichoke-based amaro Cynar.","<svg viewBox=""0 0 24 24"" fill=""none"" stroke=""currentColor"" stroke-width=""1.8""><path d=""M7 6h10l-1.5 14h-7L7 6z""><line x1=""12"" y1=""2"" x2=""12"" y2=""6""><path d=""M10 4c2-1 4 1 2 2"">",,,,,,,,,,,,,,,,,,,,,,,,,,,,,,,,,,,,,,,,,,
2026-11-09,cm-063,"Amari, Botanicals & Alpine Bitters",MED,Amaro & Aperitifs,Complex bittersweet digestifs alpine herbs and Italian aperitivo traditions celebrated across Europe.,industry_sour,Industry Sour,Coupe,"3/4 oz Fernet-Branca, 3/4 oz Green Chartreuse, 3/4 oz Fresh Lime Juice, 3/4 oz Simple Syrup",Created in 2011 by bartender Ted Kilgore at Taste in St. Louis as an equal-parts homage to bartenders' beloved spirits.,"<svg viewBox=""0 0 24 24"" fill=""none"" stroke=""currentColor"" stroke-width=""1.8""><path d=""M5 4h14l-4 7H9L5 4z""><line x1=""12"" y1=""11"" x2=""12"" y2=""19""><line x1=""8"" y1=""19"" x2=""16"" y2=""19""><line x1=""9"" y1=""7"" x2=""15"" y2=""7"">",,,,,,,,,,,,,,,,,,,,,,,,,,,,,,,,,,,,,,,,,,
2026-11-10,cm-064,"Amari, Botanicals & Alpine Bitters",MED,Amaro & Aperitifs,Complex bittersweet digestifs alpine herbs and Italian aperitivo traditions celebrated across Europe.,bitter_giuseppe,Bitter Giuseppe,Rocks Glass,"2 oz Cynar, 3/4 oz Sweet Vermouth, 1/4 oz Fresh Lemon Juice, 6 dashes Orange Bitters","Conceived by Stephen Cole at The Violet Hour in Chicago, an influential low-proof amaro-forward creation.","<svg viewBox=""0 0 24 24"" fill=""none"" stroke=""currentColor"" stroke-width=""1.8""><rect x=""6"" y=""6"" width=""12"" height=""14"" rx=""1.5""><line x1=""6"" y1=""11"" x2=""18"" y2=""11""><path d=""M10 14l4 2"">",,,,,,,,,,,,,,,,,,,,,,,,,,,,,,,,,,,,,,,,,,
2026-11-11,cm-065,"Amari, Botanicals & Alpine Bitters",MED,Amaro & Aperitifs,Complex bittersweet digestifs alpine herbs and Italian aperitivo traditions celebrated across Europe.,midnight_stinger,Midnight Stinger,Rocks Glass,"1 oz Bourbon, 1 oz Fernet-Branca, 3/4 oz Fresh Lemon Juice, 3/4 oz Simple Syrup","Created by Sam Ross at Milk & Honey, rethinking the classic Stinger over crushed ice with bracing Fernet-Branca.","<svg viewBox=""0 0 24 24"" fill=""none"" stroke=""currentColor"" stroke-width=""1.8""><rect x=""6"" y=""6"" width=""12"" height=""14"" rx=""2""><line x1=""6"" y1=""10"" x2=""18"" y2=""10""><circle cx=""12"" cy=""14"" r=""1.5"">",,,,,,,,,,,,,,,,,,,,,,,,,,,,,,,,,,,,,,,,,,
2026-11-12,cm-066,"Amari, Botanicals & Alpine Bitters",MED,Amaro & Aperitifs,Complex bittersweet digestifs alpine herbs and Italian aperitivo traditions celebrated across Europe.,bicicletta,Bicicletta,Wine Glass,"1.5 oz Campari, 2.5 oz Dry White Wine, Splash of Soda Water, Orange Slice","The everyday northern Italian café classic, named after elderly gentlemen wobbling home on bicycles after enjoying it.","<svg viewBox=""0 0 24 24"" fill=""none"" stroke=""currentColor"" stroke-width=""1.8""><path d=""M7 4h10a5 5 0 0 1-5 9 5 5 0 0 1-5-9z""><line x1=""12"" y1=""13"" x2=""12"" y2=""20""><line x1=""8"" y1=""20"" x2=""16"" y2=""20"">",,,,,,,,,,,,,,,,,,,,,,,,,,,,,,,,,,,,,,,,,,
2026-11-13,cm-067,"Amari, Botanicals & Alpine Bitters",MED,Amaro & Aperitifs,Complex bittersweet digestifs alpine herbs and Italian aperitivo traditions celebrated across Europe.,milano_torino,Milano-Torino,Rocks Glass,"1.5 oz Campari (Milano), 1.5 oz Sweet Vermouth (Torino), Orange Wheel","First served in the 1860s at Gaspare Campari's Caffè Camparino, the pure historical mother of the Americano and Negroni.","<svg viewBox=""0 0 24 24"" fill=""none"" stroke=""currentColor"" stroke-width=""1.8""><rect x=""6"" y=""6"" width=""12"" height=""14"" rx=""1.5""><line x1=""6"" y1=""12"" x2=""18"" y2=""12""><circle cx=""12"" cy=""9"" r=""1.5"">",,,,,,,,,,,,,,,,,,,,,,,,,,,,,,,,,,,,,,,,,,
2026-11-14,cm-068,"Cafe Society, Cordials & Flips",HARD,Liqueurs & Fortified Wines,Decadent dessert cordials creamy whole-egg flips and anise-kissed Parisian salon classics.,grasshopper,Grasshopper,Coupe,"1 oz Green Crème de Menthe, 1 oz White Crème de Cacao, 1 oz Heavy Cream","Invented in 1918 by Philip Guichet at Tujague's in New Orleans, celebrated for its pastel green mint-chocolate profile.","<svg viewBox=""0 0 24 24"" fill=""none"" stroke=""currentColor"" stroke-width=""1.8""><path d=""M6 5h12l-3 7H9L6 5z""><line x1=""12"" y1=""12"" x2=""12"" y2=""20""><line x1=""8"" y1=""20"" x2=""16"" y2=""20""><line x1=""7"" y1=""8"" x2=""17"" y2=""8"">",,,,,,,,,,,,,,,,,,,,,,,,,,,,,,,,,,,,,,,,,,
2026-11-15,cm-069,"Cafe Society, Cordials & Flips",HARD,Liqueurs & Fortified Wines,Decadent dessert cordials creamy whole-egg flips and anise-kissed Parisian salon classics.,absinthe_frappe,Absinthe Frappé,Highball / Rocks,"1.5 oz Absinthe, 1/2 oz Simple Syrup, 2 oz Soda Water, Fresh Mint, Crushed Ice","Devised in 1874 by Cayetano Ferrer at the Old Absinthe House in New Orleans, taming louche absinthe with crushed ice.","<svg viewBox=""0 0 24 24"" fill=""none"" stroke=""currentColor"" stroke-width=""1.8""><rect x=""7"" y=""5"" width=""10"" height=""15"" rx=""1""><line x1=""12"" y1=""2"" x2=""12"" y2=""18""><circle cx=""10"" cy=""12"" r=""1""><circle cx=""14"" cy=""14"" r=""1"">",,,,,,,,,,,,,,,,,,,,,,,,,,,,,,,,,,,,,,,,,,
2026-11-16,cm-070,"Cafe Society, Cordials & Flips",HARD,Liqueurs & Fortified Wines,Decadent dessert cordials creamy whole-egg flips and anise-kissed Parisian salon classics.,kir_royale,Kir Royale,Champagne Flute,"1/2 oz Crème de Cassis, 4 oz Champagne or Dry Sparkling Wine","Named after Canon Félix Kir, Mayor of Dijon, who championed local blackcurrant liqueur with sparkling wine.","<svg viewBox=""0 0 24 24"" fill=""none"" stroke=""currentColor"" stroke-width=""1.8""><path d=""M8 4h8l-2 9H10L8 4z""><line x1=""12"" y1=""13"" x2=""12"" y2=""20""><line x1=""9"" y1=""20"" x2=""15"" y2=""20""><circle cx=""12"" cy=""10"" r=""1"">",,,,,,,,,,,,,,,,,,,,,,,,,,,,,,,,,,,,,,,,,,
2026-11-17,cm-071,"Cafe Society, Cordials & Flips",HARD,Liqueurs & Fortified Wines,Decadent dessert cordials creamy whole-egg flips and anise-kissed Parisian salon classics.,port_flip,Port Flip,Sour / Coupe,"2 oz Ruby or Tawny Port, 1/2 oz Cognac, 1/4 oz Simple Syrup, 1 Whole Egg, Grated Nutmeg","Codified in Jerry Thomas' 1862 guide, a rich fortified wine flip emulsified into frothy custard-like luxury.","<svg viewBox=""0 0 24 24"" fill=""none"" stroke=""currentColor"" stroke-width=""1.8""><path d=""M7 5h10l-2 8H9L7 5z""><line x1=""12"" y1=""13"" x2=""12"" y2=""20""><line x1=""8"" y1=""20"" x2=""16"" y2=""20""><circle cx=""11"" cy=""8"" r=""0.5""><circle cx=""13"" cy=""8"" r=""0.5"">",,,,,,,,,,,,,,,,,,,,,,,,,,,,,,,,,,,,,,,,,,
2026-11-18,cm-072,"Cafe Society, Cordials & Flips",HARD,Liqueurs & Fortified Wines,Decadent dessert cordials creamy whole-egg flips and anise-kissed Parisian salon classics.,golden_cadillac,Golden Cadillac,Coupe,"1 oz Galliano L'Autentico, 1 oz White Crème de Cacao, 1 oz Heavy Cream","Created in 1952 at Poor Red's Bar-B-Q in El Dorado, California, to celebrate an engaged couple's new golden car.","<svg viewBox=""0 0 24 24"" fill=""none"" stroke=""currentColor"" stroke-width=""1.8""><path d=""M5 5h14l-4 7H9L5 5z""><line x1=""12"" y1=""12"" x2=""12"" y2=""20""><line x1=""8"" y1=""20"" x2=""16"" y2=""20""><line x1=""9"" y1=""9"" x2=""15"" y2=""9"">",,,,,,,,,,,,,,,,,,,,,,,,,,,,,,,,,,,,,,,,,,
2026-11-19,cm-073,"Cafe Society, Cordials & Flips",HARD,Liqueurs & Fortified Wines,Decadent dessert cordials creamy whole-egg flips and anise-kissed Parisian salon classics.,tipperary,Tipperary,Coupe / Nick & Nora,"1.5 oz Irish Whiskey, 1 oz Sweet Vermouth, 1/2 oz Green Chartreuse, 2 dashes Angostura","Named after the WWI soldiers' anthem 'It's a Long Way to Tipperary', first published in Hugo Ensslin's 1916 guide.","<svg viewBox=""0 0 24 24"" fill=""none"" stroke=""currentColor"" stroke-width=""1.8""><path d=""M6 4h12l-3 8H9L6 4z""><line x1=""12"" y1=""12"" x2=""12"" y2=""20""><line x1=""8"" y1=""20"" x2=""16"" y2=""20""><circle cx=""12"" cy=""8"" r=""1.5"">",,,,,,,,,,,,,,,,,,,,,,,,,,,,,,,,,,,,,,,,,,
2026-11-20,cm-074,"Cafe Society, Cordials & Flips",HARD,Liqueurs & Fortified Wines,Decadent dessert cordials creamy whole-egg flips and anise-kissed Parisian salon classics.,corpse_reviver_1,Corpse Reviver No. 1,Coupe,"1 oz Cognac, 1 oz Calvados or Apple Brandy, 1/2 oz Sweet Vermouth","The apple-brandy forerunner to No. 2, prescribed in Craddock's 1930 Savoy guide 'to be taken before 11 a.m.'","<svg viewBox=""0 0 24 24"" fill=""none"" stroke=""currentColor"" stroke-width=""1.8""><path d=""M5 4h14l-4 8H9L5 4z""><line x1=""12"" y1=""12"" x2=""12"" y2=""20""><line x1=""8"" y1=""20"" x2=""16"" y2=""20""><line x1=""8"" y1=""7"" x2=""16"" y2=""7"">",,,,,,,,,,,,,,,,,,,,,,,,,,,,,,,,,,,,,,,,,,
2026-11-21,cm-075,"Cafe Society, Cordials & Flips",HARD,Liqueurs & Fortified Wines,Decadent dessert cordials creamy whole-egg flips and anise-kissed Parisian salon classics.,death_in_the_afternoon,Death in the Afternoon,Champagne Flute,"1.5 oz Absinthe, 4 oz Champagne / Dry Sparkling Wine","Invented by Ernest Hemingway for a 1935 celebrity recipe anthology, directing to 'drink three to five of these slowly.'","<svg viewBox=""0 0 24 24"" fill=""none"" stroke=""currentColor"" stroke-width=""1.8""><path d=""M8 4h8l-2 9H10L8 4z""><line x1=""12"" y1=""13"" x2=""12"" y2=""20""><line x1=""9"" y1=""20"" x2=""15"" y2=""20""><path d=""M12 7l1 3"">",,,,,,,,,,,,,,,,,,,,,,,,,,,,,,,,,,,,,,,,,,
2026-11-22,cm-076,Modern Alchemists & Craft Breakthroughs,EXPERT,Contemporary Mixology,Radical ratio inversions unexpected infusions and twentieth-first-century modern classics of cocktail capitals.,trinidad_sour,Trinidad Sour,Coupe,"1.5 oz Angostura Aromatic Bitters, 1/2 oz Rye Whiskey, 1 oz Orgeat, 3/4 oz Fresh Lemon Juice","Invented in 2009 by John Ermendirck at the NY Cocktail World Cup, boldly deploying Angostura Bitters as the base spirit.","<svg viewBox=""0 0 24 24"" fill=""none"" stroke=""currentColor"" stroke-width=""1.8""><path d=""M5 4h14l-4 7H9L5 4z""><line x1=""12"" y1=""11"" x2=""12"" y2=""19""><line x1=""8"" y1=""19"" x2=""16"" y2=""19""><circle cx=""12"" cy=""8"" r=""1.5"">",,,,,,,,,,,,,,,,,,,,,,,,,,,,,,,,,,,,,,,,,,
2026-11-23,cm-077,Modern Alchemists & Craft Breakthroughs,EXPERT,Contemporary Mixology,Radical ratio inversions unexpected infusions and twentieth-first-century modern classics of cocktail capitals.,white_negroni,White Negroni,Rocks Glass,"1.5 oz Gin, 1 oz Lillet Blanc, 3/4 oz Suze Gentian Liqueur, Grapefruit Twist","Conceived in 2001 by Wayne Collins at VinExpo in Bordeaux, using earthy French gentian and white aromatized wine.","<svg viewBox=""0 0 24 24"" fill=""none"" stroke=""currentColor"" stroke-width=""1.8""><rect x=""6"" y=""6"" width=""12"" height=""14"" rx=""1.5""><line x1=""6"" y1=""11"" x2=""18"" y2=""11""><line x1=""10"" y1=""15"" x2=""14"" y2=""15"">",,,,,,,,,,,,,,,,,,,,,,,,,,,,,,,,,,,,,,,,,,
2026-11-24,cm-078,Modern Alchemists & Craft Breakthroughs,EXPERT,Contemporary Mixology,Radical ratio inversions unexpected infusions and twentieth-first-century modern classics of cocktail capitals.,enzoni,Enzoni,Rocks Glass,"1 oz London Dry Gin, 1 oz Campari, 3/4 oz Fresh Lemon Juice, 1/2 oz Simple, 5 Muddled Green Grapes","Created in 2003 by Vincenzo Errico at Milk & Honey in NYC, a luminous sour bridging Campari and muddled fresh grapes.","<svg viewBox=""0 0 24 24"" fill=""none"" stroke=""currentColor"" stroke-width=""1.8""><rect x=""6"" y=""6"" width=""12"" height=""14"" rx=""2""><circle cx=""10"" cy=""13"" r=""1.5""><circle cx=""14"" cy=""13"" r=""1.5""><circle cx=""12"" cy=""16"" r=""1.5"">",,,,,,,,,,,,,,,,,,,,,,,,,,,,,,,,,,,,,,,,,,
2026-11-25,cm-079,Modern Alchemists & Craft Breakthroughs,EXPERT,Contemporary Mixology,Radical ratio inversions unexpected infusions and twentieth-first-century modern classics of cocktail capitals.,greenpoint,Greenpoint,Coupe,"2 oz Rye Whiskey, 1/2 oz Yellow Chartreuse, 1/2 oz Sweet Vermouth, Bitters","Crafted in 2006 by Michael McIlroy at Milk & Honey, initiating the trend of Brooklyn-neighbourhood Manhattan riffs.","<svg viewBox=""0 0 24 24"" fill=""none"" stroke=""currentColor"" stroke-width=""1.8""><path d=""M7 4h10l-2 7a3 3 0 0 1-3 3 3 3 0 0 1-3-3L7 4z""><line x1=""12"" y1=""14"" x2=""12"" y2=""20""><line x1=""9"" y1=""20"" x2=""15"" y2=""20""><circle cx=""12"" cy=""8"" r=""1"">",,,,,,,,,,,,,,,,,,,,,,,,,,,,,,,,,,,,,,,,,,
2026-11-26,cm-080,Modern Alchemists & Craft Breakthroughs,EXPERT,Contemporary Mixology,Radical ratio inversions unexpected infusions and twentieth-first-century modern classics of cocktail capitals.,jasmine,Jasmine,Coupe,"1.5 oz Gin, 3/4 oz Fresh Lemon Juice, 1/4 oz Campari, 1/4 oz Cointreau","Created in the mid-1990s by Paul Harrington at the Townhouse Bar & Grill in Emeryville, mimicking fresh pink grapefruit.","<svg viewBox=""0 0 24 24"" fill=""none"" stroke=""currentColor"" stroke-width=""1.8""><path d=""M6 5h12l-3 7H9L6 5z""><line x1=""12"" y1=""12"" x2=""12"" y2=""20""><line x1=""8"" y1=""20"" x2=""16"" y2=""20""><circle cx=""12"" cy=""8"" r=""1.5"">",,,,,,,,,,,,,,,,,,,,,,,,,,,,,,,,,,,,,,,,,,
2026-11-27,cm-081,Modern Alchemists & Craft Breakthroughs,EXPERT,Contemporary Mixology,Radical ratio inversions unexpected infusions and twentieth-first-century modern classics of cocktail capitals.,red_hook,Red Hook,Coupe,"2 oz Rye Whiskey, 1/2 oz Punt e Mes, 1/2 oz Luxardo Maraschino Liqueur, Cherry","Invented in 2003 by Vincenzo Errico at Milk & Honey, setting the gold standard for bittersweet vermouth-maraschino balance.","<svg viewBox=""0 0 24 24"" fill=""none"" stroke=""currentColor"" stroke-width=""1.8""><path d=""M6 4h12l-3 8H9L6 4z""><line x1=""12"" y1=""12"" x2=""12"" y2=""20""><line x1=""8"" y1=""20"" x2=""16"" y2=""20""><line x1=""10"" y1=""7"" x2=""14"" y2=""7"">",,,,,,,,,,,,,,,,,,,,,,,,,,,,,,,,,,,,,,,,,,
2026-11-28,cm-082,Modern Alchemists & Craft Breakthroughs,EXPERT,Contemporary Mixology,Radical ratio inversions unexpected infusions and twentieth-first-century modern classics of cocktail capitals.,chet_baker,Chet Baker,Coupe,"2 oz Aged Rum, 1/2 oz Sweet Vermouth, 2 tsp Honey Syrup, 2 dashes Angostura Bitters","Created by Sam Ross in NYC, paying tribute to jazz trumpeter Chet Baker with rich aged rum and honeyed herbal warmth.","<svg viewBox=""0 0 24 24"" fill=""none"" stroke=""currentColor"" stroke-width=""1.8""><path d=""M7 4h10l-2 8a3 3 0 0 1-6 0L7 4z""><line x1=""12"" y1=""12"" x2=""12"" y2=""19""><line x1=""9"" y1=""19"" x2=""15"" y2=""19""><path d=""M12 7l2 3"">",,,,,,,,,,,,,,,,,,,,,,,,,,,,,,,,,,,,,,,,,,
2026-11-29,cm-083,Modern Alchemists & Craft Breakthroughs,EXPERT,Contemporary Mixology,Radical ratio inversions unexpected infusions and twentieth-first-century modern classics of cocktail capitals.,twenty_first_century,21st Century,Coupe,"2 oz Blanco Tequila, 3/4 oz White Crème de Cacao, 3/4 oz Fresh Lemon Juice, Pernod Rinse","Invented by Jim Meehan at PDT in New York, brilliantly transposing the 1930s Twentieth Century into the agave era.","<svg viewBox=""0 0 24 24"" fill=""none"" stroke=""currentColor"" stroke-width=""1.8""><path d=""M5 4h14l-4 8H9L5 4z""><line x1=""12"" y1=""12"" x2=""12"" y2=""20""><line x1=""8"" y1=""20"" x2=""16"" y2=""20""><circle cx=""12"" cy=""8"" r=""1.5"">",,,,,,,,,,,,,,,,,,,,,,,,,,,,,,,,,,,,,,,,,,
2026-11-30,cm-084,Sparkling Celebrations & Champagne Flutes,EASY,Sparkling & Champagne,Effervescent showstoppers crowned with Champagne Prosecco and dry sparkling wine for grand celebrations.,champagne_cocktail,Champagne Cocktail,Champagne Flute,"1 Sugar Cube, 3 dashes Angostura Bitters, 4 oz Brut Champagne, Lemon Twist",Codified in Jerry Thomas' 1862 guide; dropping bitters onto a sugar cube creates an enduring pillar of celebratory bubbles.,"<svg viewBox=""0 0 24 24"" fill=""none"" stroke=""currentColor"" stroke-width=""1.8""><path d=""M8 4h8l-2 9H10L8 4z""><line x1=""12"" y1=""13"" x2=""12"" y2=""20""><line x1=""9"" y1=""20"" x2=""15"" y2=""20""><rect x=""11"" y=""10"" width=""2"" height=""2"" rx=""0.5""><circle cx=""12"" cy=""7"" r=""0.5"">",,,,,,,,,,,,,,,,,,,,,,,,,,,,,,,,,,,,,,,,,,
2026-12-01,cm-085,Sparkling Celebrations & Champagne Flutes,EASY,Sparkling & Champagne,Effervescent showstoppers crowned with Champagne Prosecco and dry sparkling wine for grand celebrations.,bellini,Bellini,Champagne Flute,"3 oz Prosecco, 1.5 oz Fresh White Peach Purée, 1/4 tsp Raspberry Juice","Invented in 1948 by Giuseppe Cipriani at Harry's Bar in Venice, named after 15th-century painter Giovanni Bellini.","<svg viewBox=""0 0 24 24"" fill=""none"" stroke=""currentColor"" stroke-width=""1.8""><path d=""M8 4h8l-2 9H10L8 4z""><line x1=""12"" y1=""13"" x2=""12"" y2=""20""><line x1=""9"" y1=""20"" x2=""15"" y2=""20""><path d=""M10 8c1-1 3-1 4 0"">",,,,,,,,,,,,,,,,,,,,,,,,,,,,,,,,,,,,,,,,,,
2026-12-02,cm-086,Sparkling Celebrations & Champagne Flutes,EASY,Sparkling & Champagne,Effervescent showstoppers crowned with Champagne Prosecco and dry sparkling wine for grand celebrations.,mimosa,Mimosa,Champagne Flute,"2.5 oz Fresh Squeezed Orange Juice, 2.5 oz Brut Champagne","Created circa 1925 by bartender Frank Meier at the Ritz Hotel in Paris, named after the yellow flowering mimosa.","<svg viewBox=""0 0 24 24"" fill=""none"" stroke=""currentColor"" stroke-width=""1.8""><path d=""M8 4h8l-2 9H10L8 4z""><line x1=""12"" y1=""13"" x2=""12"" y2=""20""><line x1=""9"" y1=""20"" x2=""15"" y2=""20""><line x1=""8.5"" y1=""8"" x2=""15.5"" y2=""8"">",,,,,,,,,,,,,,,,,,,,,,,,,,,,,,,,,,,,,,,,,,
2026-12-03,cm-087,Sparkling Celebrations & Champagne Flutes,EASY,Sparkling & Champagne,Effervescent showstoppers crowned with Champagne Prosecco and dry sparkling wine for grand celebrations.,seelbach,Seelbach,Champagne Flute,"1 oz Bourbon, 1/2 oz Cointreau, 7 dashes Peychaud's Bitters, 7 dashes Angostura Bitters, Brut Champagne",Born at Louisville's historic Seelbach Hotel; renowned for deploying an astonishing 14 dashes of bitters with bubbly.,"<svg viewBox=""0 0 24 24"" fill=""none"" stroke=""currentColor"" stroke-width=""1.8""><path d=""M8 4h8l-2 9H10L8 4z""><line x1=""12"" y1=""13"" x2=""12"" y2=""20""><line x1=""9"" y1=""20"" x2=""15"" y2=""20""><circle cx=""12"" cy=""6"" r=""1""><circle cx=""12"" cy=""9"" r=""1"">",,,,,,,,,,,,,,,,,,,,,,,,,,,,,,,,,,,,,,,,,,
2026-12-04,cm-088,Sparkling Celebrations & Champagne Flutes,EASY,Sparkling & Champagne,Effervescent showstoppers crowned with Champagne Prosecco and dry sparkling wine for grand celebrations.,french_95,French 95,Champagne Flute,"1 oz Bourbon, 1/2 oz Fresh Lemon Juice, 1/2 oz Simple Syrup, Brut Champagne",A rich American whiskey reimagining of the French 75 substituting Kentucky bourbon for London dry gin.,"<svg viewBox=""0 0 24 24"" fill=""none"" stroke=""currentColor"" stroke-width=""1.8""><path d=""M8 4h8l-2 9H10L8 4z""><line x1=""12"" y1=""13"" x2=""12"" y2=""20""><line x1=""9"" y1=""20"" x2=""15"" y2=""20""><path d=""M10 5l4 3"">",,,,,,,,,,,,,,,,,,,,,,,,,,,,,,,,,,,,,,,,,,
2026-12-05,cm-089,Sparkling Celebrations & Champagne Flutes,EASY,Sparkling & Champagne,Effervescent showstoppers crowned with Champagne Prosecco and dry sparkling wine for grand celebrations.,airmail,Airmail,Coupe / Flute,"1.5 oz Gold Rum, 1/2 oz Fresh Lime Juice, 1/2 oz Honey Syrup, Brut Champagne","Appeared in Bacardi's 1930 booklet celebrating rapid airmail postage with gold rum, tart lime, and honeyed bubbles.","<svg viewBox=""0 0 24 24"" fill=""none"" stroke=""currentColor"" stroke-width=""1.8""><path d=""M6 5h12l-3 7H9L6 5z""><line x1=""12"" y1=""12"" x2=""12"" y2=""20""><line x1=""8"" y1=""20"" x2=""16"" y2=""20""><polygon points=""12 6 15 9 9 9 12 6"">",,,,,,,,,,,,,,,,,,,,,,,,,,,,,,,,,,,,,,,,,,
2026-12-06,cm-090,Sparkling Celebrations & Champagne Flutes,EASY,Sparkling & Champagne,Effervescent showstoppers crowned with Champagne Prosecco and dry sparkling wine for grand celebrations.,barbotage,Barbotage,Champagne Flute,"1 oz Cognac, 1 tsp Grand Marnier, 1 tsp Fresh Lemon Juice, Brut Champagne",An aristocratic French hotel classic combining copper-pot Cognac and orange liqueur topped with dry Champagne.,"<svg viewBox=""0 0 24 24"" fill=""none"" stroke=""currentColor"" stroke-width=""1.8""><path d=""M8 4h8l-2 9H10L8 4z""><line x1=""12"" y1=""13"" x2=""12"" y2=""20""><line x1=""9"" y1=""20"" x2=""15"" y2=""20""><path d=""M12 6v5"">",,,,,,,,,,,,,,,,,,,,,,,,,,,,,,,,,,,,,,,,,,
2026-12-07,cm-091,Sparkling Celebrations & Champagne Flutes,EASY,Sparkling & Champagne,Effervescent showstoppers crowned with Champagne Prosecco and dry sparkling wine for grand celebrations.,buck_s_fizz,Buck's Fizz,Champagne Flute,"4 oz Champagne, 2 oz Fresh Orange Juice, 1 tsp Grenadine","Devised in 1921 by bartender Pat McGarry at London's exclusive Buck's Club, prioritizing two-to-one Champagne over juice.","<svg viewBox=""0 0 24 24"" fill=""none"" stroke=""currentColor"" stroke-width=""1.8""><path d=""M8 4h8l-2 9H10L8 4z""><line x1=""12"" y1=""13"" x2=""12"" y2=""20""><line x1=""9"" y1=""20"" x2=""15"" y2=""20""><circle cx=""12"" cy=""11"" r=""1"">",,,,,,,,,,,,,,,,,,,,,,,,,,,,,,,,,,,,,,,,,,
2026-12-08,cm-092,"Savory Sips, Brine & Umami Alchemy",MED,Savory & Culinary,Bold kitchen-inspired concoctions driven by salinity pickle brines aromatic herbs and garden botanicals.,bloody_mary,Bloody Mary,Highball,"1.5 oz Vodka, 3 oz Tomato Juice, 1/2 oz Lemon Juice, Worcestershire, Tabasco, Celery Salt, Horseradish",Created in 1921 by Fernand Petiot at Harry's New York Bar in Paris; the quintessential savory brunch reviver.,"<svg viewBox=""0 0 24 24"" fill=""none"" stroke=""currentColor"" stroke-width=""1.8""><rect x=""7"" y=""4"" width=""10"" height=""16"" rx=""1""><line x1=""11"" y1=""2"" x2=""11"" y2=""18""><line x1=""7"" y1=""10"" x2=""17"" y2=""10"">",,,,,,,,,,,,,,,,,,,,,,,,,,,,,,,,,,,,,,,,,,
2026-12-09,cm-093,"Savory Sips, Brine & Umami Alchemy",MED,Savory & Culinary,Bold kitchen-inspired concoctions driven by salinity pickle brines aromatic herbs and garden botanicals.,dirty_martini,Dirty Martini,Martini Glass,"2.5 oz London Dry Gin or Vodka, 1/2 oz Dry Vermouth, 1/2 oz Olive Brine, Stuffed Olives",Pioneered in 1901 by New York bartender John O'Connor by muddling olive brine directly into gin.,"<svg viewBox=""0 0 24 24"" fill=""none"" stroke=""currentColor"" stroke-width=""1.8""><path d=""M5 4h14l-7 9-7-9z""><line x1=""12"" y1=""13"" x2=""12"" y2=""20""><line x1=""8"" y1=""20"" x2=""16"" y2=""20""><circle cx=""11"" cy=""8"" r=""1.5""><circle cx=""13"" cy=""6"" r=""1.5"">",,,,,,,,,,,,,,,,,,,,,,,,,,,,,,,,,,,,,,,,,,
2026-12-10,cm-094,"Savory Sips, Brine & Umami Alchemy",MED,Savory & Culinary,Bold kitchen-inspired concoctions driven by salinity pickle brines aromatic herbs and garden botanicals.,bullshot,Bullshot,Rocks / Highball,"1.5 oz Vodka, 3 oz Rich Chilled Beef Bouillon, 1/4 oz Lemon Juice, 2 dashes Worcestershire, Tabasco",Invented in the 1950s at Detroit's Caucus Club; famously favored by Malcolm Forbes and motor city executives.,"<svg viewBox=""0 0 24 24"" fill=""none"" stroke=""currentColor"" stroke-width=""1.8""><rect x=""6"" y=""6"" width=""12"" height=""14"" rx=""1.5""><line x1=""6"" y1=""11"" x2=""18"" y2=""11""><path d=""M9 8c1-1 2 0 3-1s2 0 3-1"">",,,,,,,,,,,,,,,,,,,,,,,,,,,,,,,,,,,,,,,,,,
2026-12-11,cm-095,"Savory Sips, Brine & Umami Alchemy",MED,Savory & Culinary,Bold kitchen-inspired concoctions driven by salinity pickle brines aromatic herbs and garden botanicals.,caesar,Bloody Caesar,Highball,"1.5 oz Vodka, 4 oz Clamato Juice, 2 dashes Worcestershire, 2 dashes Hot Sauce, Celery Salt Rim",Invented in 1969 by Walter Chell at the Calgary Inn to celebrate a new Italian restaurant; Canada's national cocktail.,"<svg viewBox=""0 0 24 24"" fill=""none"" stroke=""currentColor"" stroke-width=""1.8""><rect x=""7"" y=""4"" width=""10"" height=""16"" rx=""1""><line x1=""6"" y1=""4"" x2=""18"" y2=""4"" stroke-dasharray=""1 1""><line x1=""14"" y1=""2"" x2=""11"" y2=""18"">",,,,,,,,,,,,,,,,,,,,,,,,,,,,,,,,,,,,,,,,,,
2026-12-12,cm-096,"Savory Sips, Brine & Umami Alchemy",MED,Savory & Culinary,Bold kitchen-inspired concoctions driven by salinity pickle brines aromatic herbs and garden botanicals.,pickleback,Pickleback,Shot Glasses (Pair),"1.5 oz Jameson Irish Whiskey, 1.5 oz Spicy Dill Pickle Brine","Introduced in 2006 by Reggie O'Hare at the Bushwick Country Club in Brooklyn, pairing whiskey with a salty pickle chaser.","<svg viewBox=""0 0 24 24"" fill=""none"" stroke=""currentColor"" stroke-width=""1.8""><rect x=""4"" y=""8"" width=""6"" height=""12"" rx=""1""><rect x=""14"" y=""8"" width=""6"" height=""12"" rx=""1""><line x1=""4"" y1=""12"" x2=""10"" y2=""12""><line x1=""14"" y1=""12"" x2=""20"" y2=""12"">",,,,,,,,,,,,,,,,,,,,,,,,,,,,,,,,,,,,,,,,,,
2026-12-13,cm-097,"Savory Sips, Brine & Umami Alchemy",MED,Savory & Culinary,Bold kitchen-inspired concoctions driven by salinity pickle brines aromatic herbs and garden botanicals.,gibson_sour,Gibson Sour,Coupe,"2 oz Gin, 3/4 oz Fresh Lemon Juice, 1/2 oz Cocktail Onion Brine, 1/2 oz Simple, Egg White","A modern savory sour transformation of the classic Gibson, blending pickled onion brine with velvety egg white foam.","<svg viewBox=""0 0 24 24"" fill=""none"" stroke=""currentColor"" stroke-width=""1.8""><path d=""M5 4h14l-4 7H9L5 4z""><line x1=""12"" y1=""11"" x2=""12"" y2=""19""><line x1=""8"" y1=""19"" x2=""16"" y2=""19""><circle cx=""12"" cy=""7"" r=""1.5"">",,,,,,,,,,,,,,,,,,,,,,,,,,,,,,,,,,,,,,,,,,
2026-12-14,cm-098,"Savory Sips, Brine & Umami Alchemy",MED,Savory & Culinary,Bold kitchen-inspired concoctions driven by salinity pickle brines aromatic herbs and garden botanicals.,michelada,Michelada,Beer Mug / Pint,"12 oz Mexican Lager, 1 oz Fresh Lime Juice, 3 dashes Maggi/Worcestershire, Hot Sauce, Tajín Rim","Mexico's beloved cerveza preparada combining crisp lager with fresh lime juice, umami seasonings, and a chili-salt rim.","<svg viewBox=""0 0 24 24"" fill=""none"" stroke=""currentColor"" stroke-width=""1.8""><rect x=""6"" y=""4"" width=""10"" height=""17"" rx=""1""><path d=""M16 7h3a2 2 0 0 1 2 2v6a2 2 0 0 1-2 2h-3""><line x1=""6"" y1=""4"" x2=""16"" y2=""4"" stroke-dasharray=""1 1"">",,,,,,,,,,,,,,,,,,,,,,,,,,,,,,,,,,,,,,,,,,
2026-12-15,cm-099,"Savory Sips, Brine & Umami Alchemy",MED,Savory & Culinary,Bold kitchen-inspired concoctions driven by salinity pickle brines aromatic herbs and garden botanicals.,gordons_cup,Gordon's Cup,Double Rocks,"2 oz London Dry Gin, 3/4 oz Lime, 3/4 oz Simple, 3 Cucumber Wheels, Pinch of Salt, Cracked Pepper",Pioneered by Sasha Petraske at Milk & Honey; a masterclass in crisp garden salinity with muddled cucumber and cracked pepper.,"<svg viewBox=""0 0 24 24"" fill=""none"" stroke=""currentColor"" stroke-width=""1.8""><rect x=""6"" y=""6"" width=""12"" height=""14"" rx=""1.5""><circle cx=""10"" cy=""11"" r=""2""><circle cx=""14"" cy=""15"" r=""2"">",,,,,,,,,,,,,,,,,,,,,,,,,,,,,,,,,,,,,,,,,,
2026-12-16,cm-100,Celtic Malts & Highland Heritage,MED,Scotch & Irish Whiskey,Historic drams peated smoke heather honey and storied serves from the glens of Scotland and emerald hills of Ireland.,camerons_kick,Cameron's Kick,Coupe,"1 oz Blended Scotch, 1 oz Irish Whiskey, 1/2 oz Fresh Lemon Juice, 1/2 oz Orgeat","Published in Harry MacElhone's 1927 'Barflies and Cocktails', uniting Scottish and Irish whiskies with sweet almond orgeat.","<svg viewBox=""0 0 24 24"" fill=""none"" stroke=""currentColor"" stroke-width=""1.8""><path d=""M5 4h14l-4 7H9L5 4z""><line x1=""12"" y1=""11"" x2=""12"" y2=""19""><line x1=""8"" y1=""19"" x2=""16"" y2=""19""><circle cx=""12"" cy=""7"" r=""1.5"">",,,,,,,,,,,,,,,,,,,,,,,,,,,,,,,,,,,,,,,,,,
2026-12-17,cm-101,Celtic Malts & Highland Heritage,MED,Scotch & Irish Whiskey,Historic drams peated smoke heather honey and storied serves from the glens of Scotland and emerald hills of Ireland.,morning_glory_fizz,Morning Glory Fizz,Highball,"2 oz Blended Scotch, 3/4 oz Lemon Juice, 1/2 oz Simple, 1 Egg White, 2 dashes Absinthe, Club Soda",Documented in Harry Johnson's 1888 manual as an incomparable morning eye-opener elevated by a delicate rinse of absinthe.,"<svg viewBox=""0 0 24 24"" fill=""none"" stroke=""currentColor"" stroke-width=""1.8""><rect x=""8"" y=""3"" width=""8"" height=""18"" rx=""1""><line x1=""8"" y1=""8"" x2=""16"" y2=""8""><circle cx=""12"" cy=""5"" r=""1.5"">",,,,,,,,,,,,,,,,,,,,,,,,,,,,,,,,,,,,,,,,,,
2026-12-18,cm-102,Celtic Malts & Highland Heritage,MED,Scotch & Irish Whiskey,Historic drams peated smoke heather honey and storied serves from the glens of Scotland and emerald hills of Ireland.,mamie_taylor,Mamie Taylor,Highball,"2 oz Scotch Whisky, 1/2 oz Fresh Lime Juice, 4 oz Spicy Ginger Ale, Lime Wedge",Invented in 1899 at the Ontario Hotel in Chicago and named in honor of celebrated Broadway opera star Mayme Taylor.,"<svg viewBox=""0 0 24 24"" fill=""none"" stroke=""currentColor"" stroke-width=""1.8""><rect x=""7"" y=""4"" width=""10"" height=""16"" rx=""1""><line x1=""7"" y1=""9"" x2=""17"" y2=""9""><path d=""M12 12c1-2 3-1 2 2"">",,,,,,,,,,,,,,,,,,,,,,,,,,,,,,,,,,,,,,,,,,
2026-12-19,cm-103,Celtic Malts & Highland Heritage,MED,Scotch & Irish Whiskey,Historic drams peated smoke heather honey and storied serves from the glens of Scotland and emerald hills of Ireland.,black_thorn,Blackthorn (Irish),Nick & Nora,"2 oz Irish Whiskey, 1 oz Dry Vermouth, 3 dashes Absinthe, 2 dashes Angostura Bitters","Named after the traditional Irish walking stick shillelagh carved from thorny, dense blackthorn wood.","<svg viewBox=""0 0 24 24"" fill=""none"" stroke=""currentColor"" stroke-width=""1.8""><path d=""M7 4h10l-2 7a3 3 0 0 1-3 3 3 3 0 0 1-3-3L7 4z""><line x1=""12"" y1=""14"" x2=""12"" y2=""20""><line x1=""9"" y1=""20"" x2=""15"" y2=""20""><path d=""M10 7l4 2"">",,,,,,,,,,,,,,,,,,,,,,,,,,,,,,,,,,,,,,,,,,
2026-12-20,cm-104,Celtic Malts & Highland Heritage,MED,Scotch & Irish Whiskey,Historic drams peated smoke heather honey and storied serves from the glens of Scotland and emerald hills of Ireland.,emerald,Emerald,Coupe,"2 oz Irish Whiskey, 1 oz Sweet Vermouth, 2 dashes Orange Bitters","The quintessential Irish Manhattan, historically crafted at London's Savoy Hotel to toast Saint Patrick's Day.","<svg viewBox=""0 0 24 24"" fill=""none"" stroke=""currentColor"" stroke-width=""1.8""><path d=""M6 5h12l-3 7H9L6 5z""><line x1=""12"" y1=""12"" x2=""12"" y2=""20""><line x1=""8"" y1=""20"" x2=""16"" y2=""20""><circle cx=""12"" cy=""8"" r=""1"">",,,,,,,,,,,,,,,,,,,,,,,,,,,,,,,,,,,,,,,,,,
2026-12-21,cm-105,Celtic Malts & Highland Heritage,MED,Scotch & Irish Whiskey,Historic drams peated smoke heather honey and storied serves from the glens of Scotland and emerald hills of Ireland.,smoky_martini,Smoky Martini,Martini Glass,"2 oz London Dry Gin, 1/2 oz Dry Vermouth, 1/4 oz Peated Islay Single Malt Scotch",Replaces the olive with a measure of peated single malt scotch casting Scottish campfire smoke across juniper gin.,"<svg viewBox=""0 0 24 24"" fill=""none"" stroke=""currentColor"" stroke-width=""1.8""><path d=""M5 4h14l-7 9-7-9z""><line x1=""12"" y1=""13"" x2=""12"" y2=""20""><line x1=""8"" y1=""20"" x2=""16"" y2=""20""><path d=""M12 5c-1 2 1 3 0 5"">",,,,,,,,,,,,,,,,,,,,,,,,,,,,,,,,,,,,,,,,,,
2026-12-22,cm-106,Celtic Malts & Highland Heritage,MED,Scotch & Irish Whiskey,Historic drams peated smoke heather honey and storied serves from the glens of Scotland and emerald hills of Ireland.,bloodhound,Bloodhound,Coupe,"1 oz Blended Scotch, 1 oz Sweet Vermouth, 1 oz Dry Vermouth, 2 Muddled Strawberries",Popularized in 1920s London speakeasies; Harry Craddock noted in his Savoy guide that it was named after the keen tracking hound.,"<svg viewBox=""0 0 24 24"" fill=""none"" stroke=""currentColor"" stroke-width=""1.8""><path d=""M5 4h14l-4 8H9L5 4z""><line x1=""12"" y1=""12"" x2=""12"" y2=""20""><line x1=""8"" y1=""20"" x2=""16"" y2=""20""><circle cx=""12"" cy=""7"" r=""1.5"">",,,,,,,,,,,,,,,,,,,,,,,,,,,,,,,,,,,,,,,,,,
2026-12-23,cm-107,Celtic Malts & Highland Heritage,MED,Scotch & Irish Whiskey,Historic drams peated smoke heather honey and storied serves from the glens of Scotland and emerald hills of Ireland.,irish_maid,Irish Maid,Rocks Glass,"2 oz Irish Whiskey, 1/2 oz St-Germain Elderflower, 3/4 oz Lemon Juice, 3/4 oz Simple, 2 Cucumber Slices","Created by Jack McGarry at The Dead Rabbit in NYC, pairing cooling fresh cucumber with floral elderflower and Irish grain.","<svg viewBox=""0 0 24 24"" fill=""none"" stroke=""currentColor"" stroke-width=""1.8""><rect x=""6"" y=""6"" width=""12"" height=""14"" rx=""1.5""><circle cx=""12"" cy=""13"" r=""3""><circle cx=""12"" cy=""13"" r=""1"">",,,,,,,,,,,,,,,,,,,,,,,,,,,,,,,,,,,,,,,,,,
2026-12-24,cm-108,Smoked Agaves & Mezcal Maestros,HARD,Mezcal & Regional Agave,Artisanal earthen-pit agave distillates espadín smoke ancestral clay pots and Oaxacan regional craft.,mezcal_margarita,Mezcalita,Rocks Glass,"2 oz Artisanal Mezcal Espadín, 3/4 oz Fresh Lime Juice, 3/4 oz Cointreau, Sal de Gusano Rim","The smokier Oaxacan sibling to the classic Margarita, traditionally served with roasted agave-worm salt on the rim.","<svg viewBox=""0 0 24 24"" fill=""none"" stroke=""currentColor"" stroke-width=""1.8""><rect x=""6"" y=""6"" width=""12"" height=""14"" rx=""1.5""><line x1=""5"" y1=""6"" x2=""19"" y2=""6"" stroke-dasharray=""1 1""><circle cx=""12"" cy=""13"" r=""2"">",,,,,,,,,,,,,,,,,,,,,,,,,,,,,,,,,,,,,,,,,,
2026-12-25,cm-109,Smoked Agaves & Mezcal Maestros,HARD,Mezcal & Regional Agave,Artisanal earthen-pit agave distillates espadín smoke ancestral clay pots and Oaxacan regional craft.,oaxacan_dead,Oaxacan Dead,Zombie Glass,"1 oz Mezcal, 1 oz Reposado Tequila, 1/2 oz Overproof Rum, 1/2 oz Falernum, Lime, Grapefruit, Grenadine",A Tiki-agave hybrid reimagining Don the Beachcomber's Zombie with smoky roasted espadín mezcal and tropical spices.,"<svg viewBox=""0 0 24 24"" fill=""none"" stroke=""currentColor"" stroke-width=""1.8""><rect x=""8"" y=""2"" width=""8"" height=""20"" rx=""1""><path d=""M10 7c1-1 3-1 4 0""><circle cx=""12"" cy=""13"" r=""1.5"">",,,,,,,,,,,,,,,,,,,,,,,,,,,,,,,,,,,,,,,,,,
2026-12-26,cm-110,Smoked Agaves & Mezcal Maestros,HARD,Mezcal & Regional Agave,Artisanal earthen-pit agave distillates espadín smoke ancestral clay pots and Oaxacan regional craft.,tia_mia,Tia Mia,Double Rocks,"1 oz Mezcal, 1 oz Jamaican Rum, 1/2 oz Orange Curaçao, 1/2 oz Orgeat, 3/4 oz Lime Juice","Created in 2010 by Ivy Mix at Clover Club in Brooklyn, forging a storied bridge between Jamaican funk and Oaxacan smoke.","<svg viewBox=""0 0 24 24"" fill=""none"" stroke=""currentColor"" stroke-width=""1.8""><rect x=""6"" y=""5"" width=""12"" height=""15"" rx=""1.5""><path d=""M9 10c2-1 4 1 6 0""><circle cx=""12"" cy=""14"" r=""1.5"">",,,,,,,,,,,,,,,,,,,,,,,,,,,,,,,,,,,,,,,,,,
2026-12-27,cm-111,Smoked Agaves & Mezcal Maestros,HARD,Mezcal & Regional Agave,Artisanal earthen-pit agave distillates espadín smoke ancestral clay pots and Oaxacan regional craft.,smoky_paloma,Smoky Paloma,Highball,"2 oz Mezcal Espadín, 1/2 oz Fresh Lime Juice, 3 oz Pink Grapefruit Soda, Pinch of Sea Salt",Transposes Mexico's favorite highball by swapping blanco tequila for artisanal pit-roasted mezcal.,"<svg viewBox=""0 0 24 24"" fill=""none"" stroke=""currentColor"" stroke-width=""1.8""><rect x=""7"" y=""4"" width=""10"" height=""16"" rx=""1""><line x1=""7"" y1=""9"" x2=""17"" y2=""9""><circle cx=""12"" cy=""14"" r=""2"">",,,,,,,,,,,,,,,,,,,,,,,,,,,,,,,,,,,,,,,,,,
2026-12-28,cm-112,Smoked Agaves & Mezcal Maestros,HARD,Mezcal & Regional Agave,Artisanal earthen-pit agave distillates espadín smoke ancestral clay pots and Oaxacan regional craft.,la_merced,La Merced,Coupe,"1.5 oz Mezcal, 3/4 oz Sweet Vermouth, 1/2 oz Cynar, 2 dashes Mole Bitters","Named after Mexico City's Mercado de la Merced, marrying smoky espadín with Italian artichoke amaro and Mexican cacao.","<svg viewBox=""0 0 24 24"" fill=""none"" stroke=""currentColor"" stroke-width=""1.8""><path d=""M6 5h12l-3 7H9L6 5z""><line x1=""12"" y1=""12"" x2=""12"" y2=""20""><line x1=""8"" y1=""20"" x2=""16"" y2=""20""><circle cx=""12"" cy=""8"" r=""1"">",,,,,,,,,,,,,,,,,,,,,,,,,,,,,,,,,,,,,,,,,,
2026-12-29,cm-113,Smoked Agaves & Mezcal Maestros,HARD,Mezcal & Regional Agave,Artisanal earthen-pit agave distillates espadín smoke ancestral clay pots and Oaxacan regional craft.,palenque_sour,Palenque Sour,Coupe,"1.5 oz Mezcal, 1/2 oz Ancho Reyes Chili Liqueur, 3/4 oz Lime Juice, 1/2 oz Agave, Egg White","Celebrates rural palenque distilleries with roasted agave, fiery ancho chile liqueur, and silky citrus foam.","<svg viewBox=""0 0 24 24"" fill=""none"" stroke=""currentColor"" stroke-width=""1.8""><path d=""M5 4h14l-4 7H9L5 4z""><line x1=""12"" y1=""11"" x2=""12"" y2=""19""><line x1=""8"" y1=""19"" x2=""16"" y2=""19""><path d=""M10 7h4"">",,,,,,,,,,,,,,,,,,,,,,,,,,,,,,,,,,,,,,,,,,
2026-12-30,cm-114,Smoked Agaves & Mezcal Maestros,HARD,Mezcal & Regional Agave,Artisanal earthen-pit agave distillates espadín smoke ancestral clay pots and Oaxacan regional craft.,mezcal_negroni,Mezcal Negroni,Rocks Glass,"1 oz Mezcal, 1 oz Campari, 1 oz Sweet Vermouth, Flamed Orange Twist",A bold twist on Count Negroni's formula where pit smoke cuts cleanly through bittersweet gentian and red vermouth.,"<svg viewBox=""0 0 24 24"" fill=""none"" stroke=""currentColor"" stroke-width=""1.8""><rect x=""6"" y=""6"" width=""12"" height=""14"" rx=""1.5""><line x1=""6"" y1=""11"" x2=""18"" y2=""11""><path d=""M9 14l6-2"">",,,,,,,,,,,,,,,,,,,,,,,,,,,,,,,,,,,,,,,,,,
2026-12-31,cm-115,Smoked Agaves & Mezcal Maestros,HARD,Mezcal & Regional Agave,Artisanal earthen-pit agave distillates espadín smoke ancestral clay pots and Oaxacan regional craft.,charanda_swizzle,Michoacán Swizzle,Collins Glass,"2 oz Charanda Sugarcane Spirit, 3/4 oz Lime Juice, 3/4 oz Raw Cane Syrup, 2 dashes Angostura","Highlights Michoacán's D.O. sugarcane spirit Charanda, swizzled over crushed ice with lime and red-soil cane syrup.","<svg viewBox=""0 0 24 24"" fill=""none"" stroke=""currentColor"" stroke-width=""1.8""><rect x=""8"" y=""3"" width=""8"" height=""18"" rx=""1""><line x1=""12"" y1=""3"" x2=""12"" y2=""18""><line x1=""10"" y1=""15"" x2=""14"" y2=""15"">",,,,,,,,,,,,,,,,,,,,,,,,,,,,,,,,,,,,,,,,,,
2027-01-01,cm-116,Eastern Horizons & The Japanese Art,EXPERT,Asian Spirits & Japanese Craft,Zen precision hard shakes crystal-carved ice shochu sake yuzu and Tokyo's legendary Ginza bar culture.,japanese_cocktail,Japanese Cocktail,Coupe,"2 oz Cognac, 1/2 oz Orgeat, 2 dashes Angostura Bitters, Lemon Peel",Created by Jerry Thomas in 1862 to honor the first Japanese diplomatic mission to the US; almond orgeat gives silky weight.,"<svg viewBox=""0 0 24 24"" fill=""none"" stroke=""currentColor"" stroke-width=""1.8""><path d=""M5 4h14l-4 7H9L5 4z""><line x1=""12"" y1=""11"" x2=""12"" y2=""19""><line x1=""8"" y1=""19"" x2=""16"" y2=""19""><polygon points=""12 5 14 8 10 8 12 5"">",,,,,,,,,,,,,,,,,,,,,,,,,,,,,,,,,,,,,,,,,,
2027-01-02,cm-117,Eastern Horizons & The Japanese Art,EXPERT,Asian Spirits & Japanese Craft,Zen precision hard shakes crystal-carved ice shochu sake yuzu and Tokyo's legendary Ginza bar culture.,sakura_martini,Sakura Martini,Martini Glass,"2 oz Japanese Gin, 1/2 oz Junmai Sake, 1 tsp Cherry Blossom Liqueur, Salted Sakura Flower","Crafted in Tokyo to celebrate cherry blossom season, garnishing clean sake and gin with an edible cured sakura blossom.","<svg viewBox=""0 0 24 24"" fill=""none"" stroke=""currentColor"" stroke-width=""1.8""><path d=""M5 4h14l-7 9-7-9z""><line x1=""12"" y1=""13"" x2=""12"" y2=""20""><line x1=""8"" y1=""20"" x2=""16"" y2=""20""><circle cx=""12"" cy=""7"" r=""1.5"">",,,,,,,,,,,,,,,,,,,,,,,,,,,,,,,,,,,,,,,,,,
2027-01-03,cm-118,Eastern Horizons & The Japanese Art,EXPERT,Asian Spirits & Japanese Craft,Zen precision hard shakes crystal-carved ice shochu sake yuzu and Tokyo's legendary Ginza bar culture.,tokyo_mule,Tokyo Mule,Copper Mug,"2 oz Vodka, 3/4 oz Yuzu Juice, 1/2 oz Ginger Syrup, Club Soda, Muddled Shiso Leaf","A bright Far East interpretation of the 1941 highball, swapping lime for fragrant tart yuzu and fresh shiso leaf.","<svg viewBox=""0 0 24 24"" fill=""none"" stroke=""currentColor"" stroke-width=""1.8""><rect x=""5"" y=""5"" width=""12"" height=""15"" rx=""2""><path d=""M17 8h3a2 2 0 0 1 2 2v4a2 2 0 0 1-2 2h-3""><path d=""M11 9c1-1 2 0 2 2"">",,,,,,,,,,,,,,,,,,,,,,,,,,,,,,,,,,,,,,,,,,
2027-01-04,cm-119,Eastern Horizons & The Japanese Art,EXPERT,Asian Spirits & Japanese Craft,Zen precision hard shakes crystal-carved ice shochu sake yuzu and Tokyo's legendary Ginza bar culture.,midori_sour,Craft Midori Sour,Rocks Glass,"1 oz Midori Melon Liqueur, 1 oz Dry Gin, 3/4 oz Fresh Lemon Juice, 1/4 oz Yuzu Juice, Egg White","Redeemed by Tokyo and modern craft bartenders from 1980s obscurity into a silky, botanical-brightened sour.","<svg viewBox=""0 0 24 24"" fill=""none"" stroke=""currentColor"" stroke-width=""1.8""><rect x=""6"" y=""6"" width=""12"" height=""14"" rx=""1.5""><circle cx=""12"" cy=""13"" r=""2.5"">",,,,,,,,,,,,,,,,,,,,,,,,,,,,,,,,,,,,,,,,,,
2027-01-05,cm-120,Eastern Horizons & The Japanese Art,EXPERT,Asian Spirits & Japanese Craft,Zen precision hard shakes crystal-carved ice shochu sake yuzu and Tokyo's legendary Ginza bar culture.,ginza_highball,Ginza Highball,Highball (No Ice),"2 oz Chilled Japanese Whisky, 5 oz Super-Carbonated Club Soda, Lemon Twist",Perfected at Bar High Five in Tokyo; poured with zero ice into freezing crystal stemware with zero gas turbulence.,"<svg viewBox=""0 0 24 24"" fill=""none"" stroke=""currentColor"" stroke-width=""1.8""><rect x=""8"" y=""3"" width=""8"" height=""18"" rx=""1""><line x1=""12"" y1=""6"" x2=""12"" y2=""18"" stroke-dasharray=""2 2"">",,,,,,,,,,,,,,,,,,,,,,,,,,,,,,,,,,,,,,,,,,
2027-01-06,cm-121,Eastern Horizons & The Japanese Art,EXPERT,Asian Spirits & Japanese Craft,Zen precision hard shakes crystal-carved ice shochu sake yuzu and Tokyo's legendary Ginza bar culture.,chu_hai,Chūhai,Highball,"2 oz Barley Shochu, 4 oz Carbonated Water, 1 Fresh Squeezed Lemon","The democratic post-war Tokyo izakaya staple (short for 'shōchū highball') praised for its dry, palate-cleansing purity.","<svg viewBox=""0 0 24 24"" fill=""none"" stroke=""currentColor"" stroke-width=""1.8""><rect x=""7"" y=""4"" width=""10"" height=""16"" rx=""1""><line x1=""7"" y1=""9"" x2=""17"" y2=""9""><circle cx=""12"" cy=""6"" r=""1"">",,,,,,,,,,,,,,,,,,,,,,,,,,,,,,,,,,,,,,,,,,
2027-01-07,cm-122,Eastern Horizons & The Japanese Art,EXPERT,Asian Spirits & Japanese Craft,Zen precision hard shakes crystal-carved ice shochu sake yuzu and Tokyo's legendary Ginza bar culture.,black_ship,Black Ship,Coupe,"1.5 oz Junmai Sake, 3/4 oz Pomegranate Liqueur, 1/4 oz Fresh Lemon Juice, Dash Campari","Named after Commodore Perry's 1853 black-hulled gunships that opened Japan to world trade, balancing rice wine and tart fruit.","<svg viewBox=""0 0 24 24"" fill=""none"" stroke=""currentColor"" stroke-width=""1.8""><path d=""M6 4h12l-3 8H9L6 4z""><line x1=""12"" y1=""12"" x2=""12"" y2=""20""><line x1=""8"" y1=""20"" x2=""16"" y2=""20""><path d=""M10 8l4-2"">",,,,,,,,,,,,,,,,,,,,,,,,,,,,,,,,,,,,,,,,,,
2027-01-08,cm-123,Eastern Horizons & The Japanese Art,EXPERT,Asian Spirits & Japanese Craft,Zen precision hard shakes crystal-carved ice shochu sake yuzu and Tokyo's legendary Ginza bar culture.,shiso_smash,Shiso Smash,Rocks Glass,"2 oz Japanese Grain Whisky, 3/4 oz Lemon Juice, 1/2 oz Simple Syrup, 4 Fresh Shiso Leaves","A Ginza bar adaptation of the American smash, using aromatic Japanese perilla leaves over hand-carved clear ice.","<svg viewBox=""0 0 24 24"" fill=""none"" stroke=""currentColor"" stroke-width=""1.8""><rect x=""6"" y=""6"" width=""12"" height=""14"" rx=""1.5""><path d=""M12 9c2-2 3 1 2 4s-4 0-4-4z"">",,,,,,,,,,,,,,,,,,,,,,,,,,,,,,,,,,,,,,,,,,
2027-01-09,cm-124,Iberian Soleras & Fortified Cellars,EASY,Fortified Wines & Soleras,Nutty amontillados crisp fino sherries rich tawny ports and sun-baked Madeira wines of Spain and Portugal.,white_port_tonic,White Port & Tonic,Wine Glass / Highball,"2 oz White Port, 4 oz Premium Tonic Water, Fresh Rosemary Sprig, Orange Wheel","The ubiquitous summer terrace aperitivo of Porto along the Douro River, crisp, low-proof, and wonderfully aromatic.","<svg viewBox=""0 0 24 24"" fill=""none"" stroke=""currentColor"" stroke-width=""1.8""><path d=""M7 4h10a5 5 0 0 1-5 9 5 5 0 0 1-5-9z""><line x1=""12"" y1=""13"" x2=""12"" y2=""20""><line x1=""8"" y1=""20"" x2=""16"" y2=""20""><line x1=""12"" y1=""6"" x2=""15"" y2=""2"">",,,,,,,,,,,,,,,,,,,,,,,,,,,,,,,,,,,,,,,,,,
2027-01-10,cm-125,Iberian Soleras & Fortified Cellars,EASY,Fortified Wines & Soleras,Nutty amontillados crisp fino sherries rich tawny ports and sun-baked Madeira wines of Spain and Portugal.,rebujito,Rebujito,Highball / Pitcher,"2.5 oz Fino or Manzanilla Sherry, 4 oz Lemon-Lime Soda, Fresh Mint Sprig","The iconic festival drink of Seville's Feria de Abril, consumed by the pitcher to beat the blistering Andalusian sun.","<svg viewBox=""0 0 24 24"" fill=""none"" stroke=""currentColor"" stroke-width=""1.8""><rect x=""7"" y=""4"" width=""10"" height=""16"" rx=""1""><line x1=""7"" y1=""9"" x2=""17"" y2=""9""><path d=""M12 7c1-2 3-1 2 2"">",,,,,,,,,,,,,,,,,,,,,,,,,,,,,,,,,,,,,,,,,,
2027-01-11,cm-126,Iberian Soleras & Fortified Cellars,EASY,Fortified Wines & Soleras,Nutty amontillados crisp fino sherries rich tawny ports and sun-baked Madeira wines of Spain and Portugal.,up_to_date,Up to Date,Coupe,"1.25 oz Rye Whiskey, 1.25 oz Amontillado Sherry, 1 tsp Grand Marnier, 2 dashes Angostura","Published in Hugo Ensslin's 1916 guide, an early twentieth-century triumph pairing spicy rye with nutty Spanish sherry.","<svg viewBox=""0 0 24 24"" fill=""none"" stroke=""currentColor"" stroke-width=""1.8""><path d=""M5 4h14l-4 7H9L5 4z""><line x1=""12"" y1=""11"" x2=""12"" y2=""19""><line x1=""8"" y1=""19"" x2=""16"" y2=""19""><circle cx=""12"" cy=""7"" r=""1.5"">",,,,,,,,,,,,,,,,,,,,,,,,,,,,,,,,,,,,,,,,,,
2027-01-12,cm-127,Iberian Soleras & Fortified Cellars,EASY,Fortified Wines & Soleras,Nutty amontillados crisp fino sherries rich tawny ports and sun-baked Madeira wines of Spain and Portugal.,coronado_special,Coronado Special,Coupe,"1.5 oz Fino Sherry, 1.5 oz Dry Vermouth, 1/2 oz Bénédictine, Dash Orange Bitters","Created at San Diego's Hotel del Coronado in the 1890s, blending dry Spanish wine with Norman herbal liqueur.","<svg viewBox=""0 0 24 24"" fill=""none"" stroke=""currentColor"" stroke-width=""1.8""><path d=""M6 5h12l-3 7H9L6 5z""><line x1=""12"" y1=""12"" x2=""12"" y2=""20""><line x1=""8"" y1=""20"" x2=""16"" y2=""20""><path d=""M10 8h4"">",,,,,,,,,,,,,,,,,,,,,,,,,,,,,,,,,,,,,,,,,,
2027-01-13,cm-128,Iberian Soleras & Fortified Cellars,EASY,Fortified Wines & Soleras,Nutty amontillados crisp fino sherries rich tawny ports and sun-baked Madeira wines of Spain and Portugal.,trinity_cocktail,The Trinity,Coupe,"1 oz Dry Gin, 1 oz Sweet Vermouth, 1 oz Dry Vermouth, Lemon Twist","A turn-of-the-century classic that celebrates equal harmony between gin, Italian sweet vermouth, and French dry vermouth.","<svg viewBox=""0 0 24 24"" fill=""none"" stroke=""currentColor"" stroke-width=""1.8""><path d=""M5 5h14l-4 8H9L5 5z""><line x1=""12"" y1=""13"" x2=""12"" y2=""20""><line x1=""8"" y1=""20"" x2=""16"" y2=""20""><polygon points=""12 7 14 10 10 10 12 7"">",,,,,,,,,,,,,,,,,,,,,,,,,,,,,,,,,,,,,,,,,,
2027-01-14,cm-129,Iberian Soleras & Fortified Cellars,EASY,Fortified Wines & Soleras,Nutty amontillados crisp fino sherries rich tawny ports and sun-baked Madeira wines of Spain and Portugal.,madeira_cobbler,Madeira Cobbler,Highball / Goblet,"3.5 oz Malmsey Madeira, 1/2 oz Sugar Syrup, 2 Orange Wheels, Fresh Berries, Crushed Ice",A 19th-century American favorite utilizing Atlantic-aged heated Madeira wine sipped through straws over packed ice.,"<svg viewBox=""0 0 24 24"" fill=""none"" stroke=""currentColor"" stroke-width=""1.8""><rect x=""7"" y=""5"" width=""10"" height=""15"" rx=""1.5""><line x1=""14"" y1=""2"" x2=""11"" y2=""16""><circle cx=""10"" cy=""9"" r=""1.5"">",,,,,,,,,,,,,,,,,,,,,,,,,,,,,,,,,,,,,,,,,,
2027-01-15,cm-130,Iberian Soleras & Fortified Cellars,EASY,Fortified Wines & Soleras,Nutty amontillados crisp fino sherries rich tawny ports and sun-baked Madeira wines of Spain and Portugal.,the_bishop,The Bishop,Goblet / Mug,"3 oz Ruby Port, 1 oz Red Wine, 1/2 oz Lemon Juice, 1/2 oz Simple Syrup, Spiced Cloves","An ancient collegiate punch codified in medieval Oxford halls, warming fortified port with citrus and fragrant cloves.","<svg viewBox=""0 0 24 24"" fill=""none"" stroke=""currentColor"" stroke-width=""1.8""><path d=""M7 5h10v8a3 3 0 0 1-3 3h-4a3 3 0 0 1-3-3V5z""><line x1=""12"" y1=""16"" x2=""12"" y2=""20""><line x1=""8"" y1=""20"" x2=""16"" y2=""20"">",,,,,,,,,,,,,,,,,,,,,,,,,,,,,,,,,,,,,,,,,,
2027-01-16,cm-131,Iberian Soleras & Fortified Cellars,EASY,Fortified Wines & Soleras,Nutty amontillados crisp fino sherries rich tawny ports and sun-baked Madeira wines of Spain and Portugal.,fino_martini,Fino Martini,Martini Glass,"2.5 oz London Dry Gin, 1/2 oz Crisp Fino Sherry, Lemon Twist","Substitutes French vermouth for bone-dry Andalusian Fino sherry, imparting crisp saline almond notes to London dry gin.","<svg viewBox=""0 0 24 24"" fill=""none"" stroke=""currentColor"" stroke-width=""1.8""><path d=""M5 4h14l-7 9-7-9z""><line x1=""12"" y1=""13"" x2=""12"" y2=""20""><line x1=""8"" y1=""20"" x2=""16"" y2=""20""><path d=""M10 6l4 2"">",,,,,,,,,,,,,,,,,,,,,,,,,,,,,,,,,,,,,,,,,,
2027-01-17,cm-132,Historic Punches & The Flowing Bowl,MED,Punches & Flowing Bowls,Communal punch bowls colonial fire-lit taverns citrus oleo-saccharums and aristocratic Victorian gathering cups.,fish_house_punch,Philadelphia Fish House Punch,Punch Cup,"1.5 oz Dark Jamaican Rum, 3/4 oz Cognac, 1/4 oz Peach Brandy, 1/2 oz Lemon, 1/2 oz Oleo-Saccharum",Created in 1732 by Pennsylvania's Schuylkill Fishing Company; George Washington famously celebrated with thirteen toasts.,"<svg viewBox=""0 0 24 24"" fill=""none"" stroke=""currentColor"" stroke-width=""1.8""><path d=""M6 6h12v7a4 4 0 0 1-4 4h-4a4 4 0 0 1-4-4V6z""><path d=""M18 9h2a2 2 0 0 1 2 2v1a2 2 0 0 1-2 2h-2""><circle cx=""12"" cy=""10"" r=""1.5"">",,,,,,,,,,,,,,,,,,,,,,,,,,,,,,,,,,,,,,,,,,
2027-01-18,cm-133,Historic Punches & The Flowing Bowl,MED,Punches & Flowing Bowls,Communal punch bowls colonial fire-lit taverns citrus oleo-saccharums and aristocratic Victorian gathering cups.,regents_punch,Regent's Punch,Punch Glass,"1 oz Cognac, 1/2 oz Dark Rum, 1/2 oz Maraschino, 1/2 oz Lemon Juice, Green Tea, Champagne","Conceived for Britain's Prince Regent (King George IV), blending fine spirits with brewed green tea and French Champagne.","<svg viewBox=""0 0 24 24"" fill=""none"" stroke=""currentColor"" stroke-width=""1.8""><path d=""M7 5h10l-2 8H9L7 5z""><line x1=""12"" y1=""13"" x2=""12"" y2=""20""><line x1=""8"" y1=""20"" x2=""16"" y2=""20""><circle cx=""12"" cy=""9"" r=""1"">",,,,,,,,,,,,,,,,,,,,,,,,,,,,,,,,,,,,,,,,,,
2027-01-19,cm-134,Historic Punches & The Flowing Bowl,MED,Punches & Flowing Bowls,Communal punch bowls colonial fire-lit taverns citrus oleo-saccharums and aristocratic Victorian gathering cups.,chatham_artillery_punch,Chatham Artillery Punch,Goblet,"1/2 oz Bourbon, 1/2 oz Cognac, 1/2 oz Dark Rum, 1/2 oz Lemon, 1/2 oz Simple, Champagne Floater",Formulated in Savannah by Georgia's Chatham Artillery in the 1780s; legendary as one of America's most potent punches.,"<svg viewBox=""0 0 24 24"" fill=""none"" stroke=""currentColor"" stroke-width=""1.8""><path d=""M6 5h12v6a5 5 0 0 1-5 5h-2a5 5 0 0 1-5-5V5z""><line x1=""12"" y1=""16"" x2=""12"" y2=""20""><line x1=""8"" y1=""20"" x2=""16"" y2=""20"">",,,,,,,,,,,,,,,,,,,,,,,,,,,,,,,,,,,,,,,,,,
2027-01-20,cm-135,Historic Punches & The Flowing Bowl,MED,Punches & Flowing Bowls,Communal punch bowls colonial fire-lit taverns citrus oleo-saccharums and aristocratic Victorian gathering cups.,garrick_gin_punch,Garrick Club Gin Punch,Punch Cup,"2 oz Old Tom Gin, 1/2 oz Maraschino Liqueur, 1/2 oz Lemon Juice, Lemon Peel, Soda Water",Formulated by bartender Charles of London's Garrick Club; praised by Victorian novelist Charles Dickens as pure liquid joy.,"<svg viewBox=""0 0 24 24"" fill=""none"" stroke=""currentColor"" stroke-width=""1.8""><path d=""M6 6h12v7a4 4 0 0 1-4 4h-4a4 4 0 0 1-4-4V6z""><path d=""M18 9h2a2 2 0 0 1 2 2v1a2 2 0 0 1-2 2h-2""><path d=""M10 10c2-1 4 1 2 2"">",,,,,,,,,,,,,,,,,,,,,,,,,,,,,,,,,,,,,,,,,,
2027-01-21,cm-136,Historic Punches & The Flowing Bowl,MED,Punches & Flowing Bowls,Communal punch bowls colonial fire-lit taverns citrus oleo-saccharums and aristocratic Victorian gathering cups.,bajan_rum_punch,Barbados Rum Punch,Highball,"2 oz Barbados Rum, 1 oz Fresh Lime, 3/4 oz Cane Syrup, 2 oz Water, Fresh Nutmeg, Angostura","Rooted in the Bajan rhyme: 'One of sour, two of sweet, three of strong, four of weak, a dash of bitters, a pinch of spice.'","<svg viewBox=""0 0 24 24"" fill=""none"" stroke=""currentColor"" stroke-width=""1.8""><rect x=""7"" y=""4"" width=""10"" height=""16"" rx=""1""><line x1=""7"" y1=""11"" x2=""17"" y2=""11""><circle cx=""12"" cy=""8"" r=""0.8""><circle cx=""10"" cy=""6"" r=""0.8"">",,,,,,,,,,,,,,,,,,,,,,,,,,,,,,,,,,,,,,,,,,
2027-01-22,cm-137,Historic Punches & The Flowing Bowl,MED,Punches & Flowing Bowls,Communal punch bowls colonial fire-lit taverns citrus oleo-saccharums and aristocratic Victorian gathering cups.,bombay_punch,Bombay Punch,Goblet / Flute,"1 oz Cognac, 1 oz Dry Sherry, 1/2 oz Maraschino, 1/2 oz Curaçao, Lemon Juice, Champagne","Favored at British military messes across 19th-century India, combining French grape brandy, Spanish sherry, and Champagne.","<svg viewBox=""0 0 24 24"" fill=""none"" stroke=""currentColor"" stroke-width=""1.8""><path d=""M7 4h10a5 5 0 0 1-5 9 5 5 0 0 1-5-9z""><line x1=""12"" y1=""13"" x2=""12"" y2=""20""><line x1=""8"" y1=""20"" x2=""16"" y2=""20""><circle cx=""12"" cy=""8"" r=""1"">",,,,,,,,,,,,,,,,,,,,,,,,,,,,,,,,,,,,,,,,,,
2027-01-23,cm-138,Historic Punches & The Flowing Bowl,MED,Punches & Flowing Bowls,Communal punch bowls colonial fire-lit taverns citrus oleo-saccharums and aristocratic Victorian gathering cups.,irish_whiskey_punch,Irish Whiskey Punch,Toddy Mug,"2 oz Irish Whiskey, 1 tsp Brown Sugar, 4 oz Boiling Water, Lemon Wheel Studded with Cloves","The quintessential 18th-century Irish tavern warmer, traditionally steeped with clove-studded lemon and boiling spring water.","<svg viewBox=""0 0 24 24"" fill=""none"" stroke=""currentColor"" stroke-width=""1.8""><rect x=""6"" y=""6"" width=""10"" height=""13"" rx=""1.5""><path d=""M16 9h3a2 2 0 0 1 2 2v2a2 2 0 0 1-2 2h-3""><line x1=""9"" y1=""3"" x2=""9"" y2=""5""><line x1=""13"" y1=""3"" x2=""13"" y2=""5"">",,,,,,,,,,,,,,,,,,,,,,,,,,,,,,,,,,,,,,,,,,
2027-01-24,cm-139,Historic Punches & The Flowing Bowl,MED,Punches & Flowing Bowls,Communal punch bowls colonial fire-lit taverns citrus oleo-saccharums and aristocratic Victorian gathering cups.,artillery_punch,Artillery Punch,Punch Glass,"1 oz Rye Whiskey, 1/2 oz Cognac, 1/4 oz Gin, 1/2 oz Red Wine, Lemon Juice, Orange Juice, Sugar","An epic military punch concocted during the American Civil War, combining whiskey, brandy, and red wine into a communal bowl.","<svg viewBox=""0 0 24 24"" fill=""none"" stroke=""currentColor"" stroke-width=""1.8""><path d=""M6 5h12l-2 8H8L6 5z""><line x1=""12"" y1=""13"" x2=""12"" y2=""20""><line x1=""8"" y1=""20"" x2=""16"" y2=""20""><line x1=""8"" y1=""9"" x2=""16"" y2=""9"">",,,,,,,,,,,,,,,,,,,,,,,,,,,,,,,,,,,,,,,,,,
2027-01-25,cm-140,Clarification & Modern Lab Alchemy,MED,Clarified & Milk Punches,Translucent crystal-clear spirits milk curds whey separation fat-washing and contemporary molecular wizardry.,english_milk_punch,Clarified English Milk Punch,Rocks Glass,"2 oz Batch (Batavia Arrack, Cognac, Dark Rum, Lemon, Spiced Green Tea, Clarified Milk Whey)","Loved by Benjamin Franklin in 1763; hot milk curds trap dark tannins, filtering out into a silk-smooth crystal nectar.","<svg viewBox=""0 0 24 24"" fill=""none"" stroke=""currentColor"" stroke-width=""1.8""><rect x=""6"" y=""6"" width=""12"" height=""14"" rx=""1.5""><rect x=""9"" y=""9"" width=""6"" height=""6"" rx=""1"">",,,,,,,,,,,,,,,,,,,,,,,,,,,,,,,,,,,,,,,,,,
2027-01-26,cm-141,Clarification & Modern Lab Alchemy,MED,Clarified & Milk Punches,Translucent crystal-clear spirits milk curds whey separation fat-washing and contemporary molecular wizardry.,clarified_new_york_sour,Clarified New York Sour,Rocks Glass,"2 oz Milk-Clarified Bourbon Sour Base, 1/2 oz Dry Red Wine Float","Clarifies the whiskey sour into straw-like diamond clarity, creating a striking platform for a floating red wine float.","<svg viewBox=""0 0 24 24"" fill=""none"" stroke=""currentColor"" stroke-width=""1.8""><rect x=""6"" y=""6"" width=""12"" height=""14"" rx=""1.5""><line x1=""6"" y1=""10"" x2=""18"" y2=""10""><rect x=""9"" y=""12"" width=""6"" height=""6"" rx=""1"">",,,,,,,,,,,,,,,,,,,,,,,,,,,,,,,,,,,,,,,,,,
2027-01-27,cm-142,Clarification & Modern Lab Alchemy,MED,Clarified & Milk Punches,Translucent crystal-clear spirits milk curds whey separation fat-washing and contemporary molecular wizardry.,clarified_pina_colada,Clarified Piña Colada,Nick & Nora,"1.5 oz White Rum, 1 oz Clarified Pineapple Juice, 3/4 oz Coconut Water Whey, 1/4 oz Lime","Strips heavy cream from the 1950s icon, yielding a startling water-clear cocktail packed with roasted coconut flavor.","<svg viewBox=""0 0 24 24"" fill=""none"" stroke=""currentColor"" stroke-width=""1.8""><path d=""M7 4h10l-2 7a3 3 0 0 1-3 3 3 3 0 0 1-3-3L7 4z""><line x1=""12"" y1=""14"" x2=""12"" y2=""20""><line x1=""9"" y1=""20"" x2=""15"" y2=""20""><circle cx=""12"" cy=""8"" r=""1"">",,,,,,,,,,,,,,,,,,,,,,,,,,,,,,,,,,,,,,,,,,
2027-01-28,cm-143,Clarification & Modern Lab Alchemy,MED,Clarified & Milk Punches,Translucent crystal-clear spirits milk curds whey separation fat-washing and contemporary molecular wizardry.,brown_butter_old_fashioned,Brown Butter Old Fashioned,Rocks Glass,"2 oz Brown-Butter Fat-Washed Bourbon, 1 barspoon Demerara Syrup, 2 dashes Angostura","Toasted brown butter is fat-washed into hot bourbon and chilled to solidify fats, leaving savory hazelnut richness.","<svg viewBox=""0 0 24 24"" fill=""none"" stroke=""currentColor"" stroke-width=""1.8""><rect x=""6"" y=""6"" width=""12"" height=""14"" rx=""1.5""><line x1=""6"" y1=""11"" x2=""18"" y2=""11""><circle cx=""12"" cy=""14"" r=""2"">",,,,,,,,,,,,,,,,,,,,,,,,,,,,,,,,,,,,,,,,,,
2027-01-29,cm-144,Clarification & Modern Lab Alchemy,MED,Clarified & Milk Punches,Translucent crystal-clear spirits milk curds whey separation fat-washing and contemporary molecular wizardry.,clarified_mary,Clarified Mary,Coupe,"2 oz Vodka, 3 oz Clarified Tomato Water, 1/4 oz Lemon Juice, Celery Bitters, Saline Solution",Filtered tomato water yields a pristine clear liquid containing the pure aromatic essence and umami of ripe garden tomatoes.,"<svg viewBox=""0 0 24 24"" fill=""none"" stroke=""currentColor"" stroke-width=""1.8""><path d=""M5 4h14l-4 7H9L5 4z""><line x1=""12"" y1=""11"" x2=""12"" y2=""19""><line x1=""8"" y1=""19"" x2=""16"" y2=""19""><circle cx=""12"" cy=""8"" r=""1"">",,,,,,,,,,,,,,,,,,,,,,,,,,,,,,,,,,,,,,,,,,
2027-01-30,cm-145,Clarification & Modern Lab Alchemy,MED,Clarified & Milk Punches,Translucent crystal-clear spirits milk curds whey separation fat-washing and contemporary molecular wizardry.,bourbon_milk_punch,Bourbon Milk Punch,Rocks Glass,"2 oz Bourbon, 2 oz Whole Milk or Cream, 1/2 oz Vanilla Simple Syrup, Grated Nutmeg","The unclarified, decadent brunch fixture of the New Orleans French Quarter, immortalized at Brennan's restaurant.","<svg viewBox=""0 0 24 24"" fill=""none"" stroke=""currentColor"" stroke-width=""1.8""><rect x=""6"" y=""6"" width=""12"" height=""14"" rx=""1.5""><line x1=""6"" y1=""9"" x2=""18"" y2=""9""><circle cx=""10"" cy=""7"" r=""0.5""><circle cx=""14"" cy=""7"" r=""0.5"">",,,,,,,,,,,,,,,,,,,,,,,,,,,,,,,,,,,,,,,,,,
2027-01-31,cm-146,Clarification & Modern Lab Alchemy,MED,Clarified & Milk Punches,Translucent crystal-clear spirits milk curds whey separation fat-washing and contemporary molecular wizardry.,clarified_jungle_bird,Clarified Jungle Bird,Rocks Glass,"1.5 oz Blackstrap Rum, 3/4 oz Campari, Clarified Pineapple & Lime Milk Whey, Demerara","Reimagines Malaysia's 1973 classic by milk-washing Campari and blackstrap rum, taming sharp bitterness into crimson velvet.","<svg viewBox=""0 0 24 24"" fill=""none"" stroke=""currentColor"" stroke-width=""1.8""><rect x=""6"" y=""6"" width=""12"" height=""14"" rx=""1.5""><circle cx=""12"" cy=""13"" r=""3"">",,,,,,,,,,,,,,,,,,,,,,,,,,,,,,,,,,,,,,,,,,
2027-02-01,cm-147,Clarification & Modern Lab Alchemy,MED,Clarified & Milk Punches,Translucent crystal-clear spirits milk curds whey separation fat-washing and contemporary molecular wizardry.,ti_punch_clarifie,Ti' Punch Clarifié,Coupe,"2 oz Rhum Agricole Blanc, 1/2 oz Clarified Lime Cordial, 1 barspoon Sugarcane Syrup",Employs agar-agar clarification to render fresh lime juice transparent while retaining pure unadulterated citric bite.,"<svg viewBox=""0 0 24 24"" fill=""none"" stroke=""currentColor"" stroke-width=""1.8""><path d=""M6 5h12l-3 7H9L6 5z""><line x1=""12"" y1=""12"" x2=""12"" y2=""20""><line x1=""8"" y1=""20"" x2=""16"" y2=""20""><circle cx=""12"" cy=""8"" r=""1.5"">",,,,,,,,,,,,,,,,,,,,,,,,,,,,,,,,,,,,,,,,,,
2027-02-02,cm-148,Decadent Sweets & Digestif Confections,HARD,Dessert Cocktails & Digestifs,Rich dark chocolates roasted coffee beans cream liqueurs almond pastries and late-night velvet nightcaps.,white_russian,White Russian,Rocks Glass,"2 oz Vodka, 1 oz Coffee Liqueur, 1 oz Heavy Cream Float",Codified in California in 1949; catapulted into global pop-culture immortality by 'The Dude' in The Big Lebowski.,"<svg viewBox=""0 0 24 24"" fill=""none"" stroke=""currentColor"" stroke-width=""1.8""><rect x=""6"" y=""6"" width=""12"" height=""14"" rx=""1.5""><line x1=""6"" y1=""11"" x2=""18"" y2=""11""><path d=""M8 9c2-1 4 1 6 0"">",,,,,,,,,,,,,,,,,,,,,,,,,,,,,,,,,,,,,,,,,,
2027-02-03,cm-149,Decadent Sweets & Digestif Confections,HARD,Dessert Cocktails & Digestifs,Rich dark chocolates roasted coffee beans cream liqueurs almond pastries and late-night velvet nightcaps.,black_russian,Black Russian,Rocks Glass,"1.75 oz Vodka, 3/4 oz Coffee Liqueur","Created in 1949 by Gustave Tops at Brussels' Hotel Métropole for Perle Mesta, the US ambassador to Luxembourg.","<svg viewBox=""0 0 24 24"" fill=""none"" stroke=""currentColor"" stroke-width=""1.8""><rect x=""6"" y=""6"" width=""12"" height=""14"" rx=""1.5""><line x1=""6"" y1=""12"" x2=""18"" y2=""12""><rect x=""9"" y=""13"" width=""6"" height=""5"" rx=""1"">",,,,,,,,,,,,,,,,,,,,,,,,,,,,,,,,,,,,,,,,,,
2027-02-04,cm-150,Decadent Sweets & Digestif Confections,HARD,Dessert Cocktails & Digestifs,Rich dark chocolates roasted coffee beans cream liqueurs almond pastries and late-night velvet nightcaps.,alexander,Gin Alexander,Coupe,"1 oz London Dry Gin, 1 oz White Crème de Cacao, 1 oz Heavy Cream, Fresh Nutmeg","The 1915 original predecessor to the Brandy Alexander, created at Rector's in NYC to honor advertising character Phoebe Snow.","<svg viewBox=""0 0 24 24"" fill=""none"" stroke=""currentColor"" stroke-width=""1.8""><path d=""M5 4h14l-4 7H9L5 4z""><line x1=""12"" y1=""11"" x2=""12"" y2=""19""><line x1=""8"" y1=""19"" x2=""16"" y2=""19""><line x1=""7"" y1=""7"" x2=""17"" y2=""7"">",,,,,,,,,,,,,,,,,,,,,,,,,,,,,,,,,,,,,,,,,,
2027-02-05,cm-151,Decadent Sweets & Digestif Confections,HARD,Dessert Cocktails & Digestifs,Rich dark chocolates roasted coffee beans cream liqueurs almond pastries and late-night velvet nightcaps.,golden_dream,Golden Dream,Coupe,"2/3 oz Galliano, 2/3 oz Triple Sec, 2/3 oz Fresh Orange Juice, 2/3 oz Heavy Cream","Devised in the 1960s by Raimundo Alvarez at Miami's Old King Bar, dedicated to legendary film actress Joan Crawford.","<svg viewBox=""0 0 24 24"" fill=""none"" stroke=""currentColor"" stroke-width=""1.8""><path d=""M6 5h12l-3 7H9L6 5z""><line x1=""12"" y1=""12"" x2=""12"" y2=""20""><line x1=""8"" y1=""20"" x2=""16"" y2=""20""><circle cx=""12"" cy=""8"" r=""1.5"">",,,,,,,,,,,,,,,,,,,,,,,,,,,,,,,,,,,,,,,,,,
2027-02-06,cm-152,Decadent Sweets & Digestif Confections,HARD,Dessert Cocktails & Digestifs,Rich dark chocolates roasted coffee beans cream liqueurs almond pastries and late-night velvet nightcaps.,mudslide,Mudslide,Hurricane / Rocks,"1 oz Vodka, 1 oz Coffee Liqueur, 1 oz Irish Cream Liqueur",Invented in the 1970s at Grand Cayman's Wreck Bar when a bartender improvised with Irish cream liqueur instead of dairy.,"<svg viewBox=""0 0 24 24"" fill=""none"" stroke=""currentColor"" stroke-width=""1.8""><path d=""M7 4h10c0 4-3 6-3 8 0 3 3 5 3 8H7c0-3 3-5 3-8 0-2-3-4-3-8z""><path d=""M10 9l4 4"">",,,,,,,,,,,,,,,,,,,,,,,,,,,,,,,,,,,,,,,,,,
2027-02-07,cm-153,Decadent Sweets & Digestif Confections,HARD,Dessert Cocktails & Digestifs,Rich dark chocolates roasted coffee beans cream liqueurs almond pastries and late-night velvet nightcaps.,velvet_hammer,Velvet Hammer,Coupe,"1 oz Cointreau, 1 oz Dark Crème de Cacao, 1 oz Heavy Cream",A 1950s society favorite that balances orange curaçao with dark chocolate cream with a deceptively potent punch.,"<svg viewBox=""0 0 24 24"" fill=""none"" stroke=""currentColor"" stroke-width=""1.8""><path d=""M5 5h14l-4 7H9L5 5z""><line x1=""12"" y1=""12"" x2=""12"" y2=""20""><line x1=""8"" y1=""20"" x2=""16"" y2=""20""><line x1=""8"" y1=""8"" x2=""16"" y2=""8"">",,,,,,,,,,,,,,,,,,,,,,,,,,,,,,,,,,,,,,,,,,
2027-02-08,cm-154,Decadent Sweets & Digestif Confections,HARD,Dessert Cocktails & Digestifs,Rich dark chocolates roasted coffee beans cream liqueurs almond pastries and late-night velvet nightcaps.,amaretto_sour,Jeffrey Morgenthaler's Amaretto Sour,Rocks Glass,"1.5 oz Amaretto, 3/4 oz Cask-Strength Bourbon, 1 oz Lemon Juice, 1 tsp Simple, Egg White",Created in 2012 by Jeffrey Morgenthaler in Portland; rescued the disco classic by adding cask-strength bourbon and egg white.,"<svg viewBox=""0 0 24 24"" fill=""none"" stroke=""currentColor"" stroke-width=""1.8""><rect x=""6"" y=""6"" width=""12"" height=""14"" rx=""1.5""><line x1=""6"" y1=""10"" x2=""18"" y2=""10""><circle cx=""12"" cy=""14"" r=""1.5"">",,,,,,,,,,,,,,,,,,,,,,,,,,,,,,,,,,,,,,,,,,
2027-02-09,cm-155,Decadent Sweets & Digestif Confections,HARD,Dessert Cocktails & Digestifs,Rich dark chocolates roasted coffee beans cream liqueurs almond pastries and late-night velvet nightcaps.,dulce_de_leche,Dulce de Leche,Coupe,"1.5 oz Aged Rum, 1/2 oz Dark Crème de Cacao, 1/2 oz Sweetened Condensed Milk, 1/2 oz Cream",A Latin American dessert cocktail capturing the caramelized milk flavor of dulce de leche with aged sugarcane rum.,"<svg viewBox=""0 0 24 24"" fill=""none"" stroke=""currentColor"" stroke-width=""1.8""><path d=""M6 4h12l-3 8H9L6 4z""><line x1=""12"" y1=""12"" x2=""12"" y2=""20""><line x1=""8"" y1=""20"" x2=""16"" y2=""20""><circle cx=""12"" cy=""8"" r=""1"">",,,,,,,,,,,,,,,,,,,,,,,,,,,,,,,,,,,,,,,,,,
2027-02-10,cm-156,Low-Proof Elegance & The Session Bar,EXPERT,Low-ABV & Aperitivo Hour,Low-proof botanicals crisp session highballs fruit shrubs verjus and long bittersweet afternoon aperitifs.,suze_and_tonic,Suze & Tonic,Highball,"1.5 oz Suze Gentian Liqueur, 4 oz Premium Tonic Water, Lemon Wheel","France's bittersweet café classic, showcasing wild yellow gentian roots harvested from the volcanic Auvergne mountains.","<svg viewBox=""0 0 24 24"" fill=""none"" stroke=""currentColor"" stroke-width=""1.8""><rect x=""7"" y=""4"" width=""10"" height=""16"" rx=""1""><line x1=""7"" y1=""9"" x2=""17"" y2=""9""><circle cx=""12"" cy=""6"" r=""1.5"">",,,,,,,,,,,,,,,,,,,,,,,,,,,,,,,,,,,,,,,,,,
2027-02-11,cm-157,Low-Proof Elegance & The Session Bar,EXPERT,Low-ABV & Aperitivo Hour,Low-proof botanicals crisp session highballs fruit shrubs verjus and long bittersweet afternoon aperitifs.,vermouth_cassis,Vermouth Cassis,Highball,"2 oz Dry French Vermouth, 1/2 oz Crème de Cassis, 3 oz Club Soda",Immortalized in Parisian cafés and hailed by Agatha Christie's fictional detective Hercule Poirot as his soothing cooler.,"<svg viewBox=""0 0 24 24"" fill=""none"" stroke=""currentColor"" stroke-width=""1.8""><rect x=""7"" y=""4"" width=""10"" height=""16"" rx=""1""><line x1=""7"" y1=""12"" x2=""17"" y2=""12""><circle cx=""12"" cy=""15"" r=""1"">",,,,,,,,,,,,,,,,,,,,,,,,,,,,,,,,,,,,,,,,,,
2027-02-12,cm-158,Low-Proof Elegance & The Session Bar,EXPERT,Low-ABV & Aperitivo Hour,Low-proof botanicals crisp session highballs fruit shrubs verjus and long bittersweet afternoon aperitifs.,bianco_spritz,Bianco Spritz,Wine Glass,"2 oz Bianco Vermouth, 1 oz Soda Water, 2 oz Dry Sparkling Wine, Green Olive, Lemon Slice",A delicate northern Italian aperitivo balancing sweet botanical bianco vermouth with effervescence and a savory olive.,"<svg viewBox=""0 0 24 24"" fill=""none"" stroke=""currentColor"" stroke-width=""1.8""><path d=""M7 4h10a5 5 0 0 1-5 9 5 5 0 0 1-5-9z""><line x1=""12"" y1=""13"" x2=""12"" y2=""20""><line x1=""8"" y1=""20"" x2=""16"" y2=""20""><circle cx=""12"" cy=""7"" r=""1"">",,,,,,,,,,,,,,,,,,,,,,,,,,,,,,,,,,,,,,,,,,
2027-02-13,cm-159,Low-Proof Elegance & The Session Bar,EXPERT,Low-ABV & Aperitivo Hour,Low-proof botanicals crisp session highballs fruit shrubs verjus and long bittersweet afternoon aperitifs.,pompier_highball,Pompier Highball,Highball,"2 oz Dry Vermouth, 1/2 oz Crème de Cassis, 3 oz Carbonated Soda Water","Named after Parisian firefighters ('pompiers'), who reportedly ordered this refreshing low-proof cooler at neighborhood bistros.","<svg viewBox=""0 0 24 24"" fill=""none"" stroke=""currentColor"" stroke-width=""1.8""><rect x=""7"" y=""4"" width=""10"" height=""16"" rx=""1""><line x1=""7"" y1=""8"" x2=""17"" y2=""8""><path d=""M10 13l4 2"">",,,,,,,,,,,,,,,,,,,,,,,,,,,,,,,,,,,,,,,,,,
2027-02-14,cm-160,Low-Proof Elegance & The Session Bar,EXPERT,Low-ABV & Aperitivo Hour,Low-proof botanicals crisp session highballs fruit shrubs verjus and long bittersweet afternoon aperitifs.,bitters_and_soda,Bitters & Soda,Highball,"5 dashes Angostura Bitters, 5 oz Club Soda, Lime Wedge",The ultimate bartender's shift drink; delivers rich gentian spices and digestive comfort with almost zero alcohol.,"<svg viewBox=""0 0 24 24"" fill=""none"" stroke=""currentColor"" stroke-width=""1.8""><rect x=""7"" y=""4"" width=""10"" height=""16"" rx=""1""><line x1=""7"" y1=""9"" x2=""17"" y2=""9""><circle cx=""12"" cy=""13"" r=""1"">",,,,,,,,,,,,,,,,,,,,,,,,,,,,,,,,,,,,,,,,,,
2027-02-15,cm-161,Low-Proof Elegance & The Session Bar,EXPERT,Low-ABV & Aperitivo Hour,Low-proof botanicals crisp session highballs fruit shrubs verjus and long bittersweet afternoon aperitifs.,sherry_and_tonic,Sherry & Tonic,Goblet / Highball,"2 oz Manzanilla Sherry, 4 oz Tonic Water, Lemon Wheel, Fresh Mint Sprig","Sanlúcar de Barrameda's coast-inspired cooler, pairing coastal saline manzanilla sherry with bittersweet tonic water.","<svg viewBox=""0 0 24 24"" fill=""none"" stroke=""currentColor"" stroke-width=""1.8""><path d=""M7 4h10a5 5 0 0 1-5 9 5 5 0 0 1-5-9z""><line x1=""12"" y1=""13"" x2=""12"" y2=""20""><line x1=""8"" y1=""20"" x2=""16"" y2=""20""><path d=""M10 8c1-1 3-1 4 0"">",,,,,,,,,,,,,,,,,,,,,,,,,,,,,,,,,,,,,,,,,,
2027-02-16,cm-162,Low-Proof Elegance & The Session Bar,EXPERT,Low-ABV & Aperitivo Hour,Low-proof botanicals crisp session highballs fruit shrubs verjus and long bittersweet afternoon aperitifs.,verjus_spritz,Verjus Spritz,Wine Glass,"2 oz White Verjus (Unripe Grape Juice), 1 oz Elderflower Cordial, 3 oz Club Soda",Harnesses French verjus—the tart pressed juice of unripe grapes—for pure crisp acidity without any fermented alcohol.,"<svg viewBox=""0 0 24 24"" fill=""none"" stroke=""currentColor"" stroke-width=""1.8""><path d=""M7 4h10a5 5 0 0 1-5 9 5 5 0 0 1-5-9z""><line x1=""12"" y1=""13"" x2=""12"" y2=""20""><line x1=""8"" y1=""20"" x2=""16"" y2=""20""><circle cx=""11"" cy=""7"" r=""0.8""><circle cx=""13"" cy=""8"" r=""0.8"">",,,,,,,,,,,,,,,,,,,,,,,,,,,,,,,,,,,,,,,,,,
2027-02-17,cm-163,Low-Proof Elegance & The Session Bar,EXPERT,Low-ABV & Aperitivo Hour,Low-proof botanicals crisp session highballs fruit shrubs verjus and long bittersweet afternoon aperitifs.,cardamaro_highball,Cardamaro Highball,Highball,"2 oz Cardamaro Vino Amaro, 4 oz Ginger Ale, Fresh Orange Twist",Showcases Piedmont's thistle- and cardoon-infused wine amaro lengthened with spicy ginger ale for an easy digestif.,"<svg viewBox=""0 0 24 24"" fill=""none"" stroke=""currentColor"" stroke-width=""1.8""><rect x=""7"" y=""4"" width=""10"" height=""16"" rx=""1""><line x1=""7"" y1=""10"" x2=""17"" y2=""10""><path d=""M10 5l4 3"">",,,,,,,,,,,,,,,,,,,,,,,,,,,,,,,,,,,,,,,,,,
2027-02-18,cm-164,Clear Spirits & The Vodka Renaissance,EASY,Vodka & Pure Distillates,Neutral grain perfection multi-column copper distillations cranberry tartness and twentieth-century pop icons.,cosmopolitan,Cosmopolitan,Martini Glass,"1.5 oz Citrus Vodka, 1 oz Cointreau, 1/2 oz Fresh Lime Juice, 1/2 oz Cranberry Juice, Flamed Orange Peel","Codified in 1988 by Toby Cecchini at Manhattan's The Odeon, defining the late 20th-century cocktail revival.","<svg viewBox=""0 0 24 24"" fill=""none"" stroke=""currentColor"" stroke-width=""1.8""><path d=""M5 4h14l-7 9-7-9z""><line x1=""12"" y1=""13"" x2=""12"" y2=""20""><line x1=""8"" y1=""20"" x2=""16"" y2=""20""><circle cx=""12"" cy=""7"" r=""1.5"">",,,,,,,,,,,,,,,,,,,,,,,,,,,,,,,,,,,,,,,,,,
2027-02-19,cm-165,Clear Spirits & The Vodka Renaissance,EASY,Vodka & Pure Distillates,Neutral grain perfection multi-column copper distillations cranberry tartness and twentieth-century pop icons.,lemon_drop,Lemon Drop,Coupe,"2 oz Vodka, 1/2 oz Triple Sec, 3/4 oz Fresh Lemon Juice, 1/2 oz Simple Syrup, Sugared Rim","Invented in the 1970s at Henry Africa's, the first 'fern bar' in San Francisco, with a candied sugar rim.","<svg viewBox=""0 0 24 24"" fill=""none"" stroke=""currentColor"" stroke-width=""1.8""><path d=""M5 4h14l-4 7H9L5 4z""><line x1=""12"" y1=""11"" x2=""12"" y2=""19""><line x1=""8"" y1=""19"" x2=""16"" y2=""19""><line x1=""5"" y1=""4"" x2=""19"" y2=""4"" stroke-dasharray=""1 1"">",,,,,,,,,,,,,,,,,,,,,,,,,,,,,,,,,,,,,,,,,,
2027-02-20,cm-166,Clear Spirits & The Vodka Renaissance,EASY,Vodka & Pure Distillates,Neutral grain perfection multi-column copper distillations cranberry tartness and twentieth-century pop icons.,sea_breeze,Sea Breeze,Highball,"1.5 oz Vodka, 3 oz Cranberry Juice, 1.5 oz Grapefruit Juice, Lime Wheel",Evolved into the 1970s cranberry-and-grapefruit highball championed by Massachusetts' Ocean Spray cooperative.,"<svg viewBox=""0 0 24 24"" fill=""none"" stroke=""currentColor"" stroke-width=""1.8""><rect x=""7"" y=""4"" width=""10"" height=""16"" rx=""1""><line x1=""7"" y1=""10"" x2=""17"" y2=""10""><circle cx=""12"" cy=""6"" r=""1.5"">",,,,,,,,,,,,,,,,,,,,,,,,,,,,,,,,,,,,,,,,,,
2027-02-21,cm-167,Clear Spirits & The Vodka Renaissance,EASY,Vodka & Pure Distillates,Neutral grain perfection multi-column copper distillations cranberry tartness and twentieth-century pop icons.,harvey_wallbanger,Harvey Wallbanger,Highball,"1.5 oz Vodka, 3 oz Fresh Orange Juice, 1/2 oz Galliano L'Autentico Float",Created in 1952 by Donato 'Duke' Antone in Hollywood; famed for its surfer mascot who banged into walls after drinking it.,"<svg viewBox=""0 0 24 24"" fill=""none"" stroke=""currentColor"" stroke-width=""1.8""><rect x=""7"" y=""4"" width=""10"" height=""16"" rx=""1""><line x1=""7"" y1=""7"" x2=""17"" y2=""7""><line x1=""7"" y1=""12"" x2=""17"" y2=""12"">",,,,,,,,,,,,,,,,,,,,,,,,,,,,,,,,,,,,,,,,,,
2027-02-22,cm-168,Clear Spirits & The Vodka Renaissance,EASY,Vodka & Pure Distillates,Neutral grain perfection multi-column copper distillations cranberry tartness and twentieth-century pop icons.,appletini,Sour Apple Martini,Martini Glass,"1.5 oz Vodka, 1 oz Sour Apple Liqueur, 1/4 oz Fresh Lemon Juice, Maraschino Cherry","Created in 1996 by Loren Dunsworth at Lola's in West Hollywood, kicking off Hollywood's neon sour craze.","<svg viewBox=""0 0 24 24"" fill=""none"" stroke=""currentColor"" stroke-width=""1.8""><path d=""M5 4h14l-7 9-7-9z""><line x1=""12"" y1=""13"" x2=""12"" y2=""20""><line x1=""8"" y1=""20"" x2=""16"" y2=""20""><circle cx=""12"" cy=""9"" r=""1"">",,,,,,,,,,,,,,,,,,,,,,,,,,,,,,,,,,,,,,,,,,
2027-02-23,cm-169,Clear Spirits & The Vodka Renaissance,EASY,Vodka & Pure Distillates,Neutral grain perfection multi-column copper distillations cranberry tartness and twentieth-century pop icons.,cape_codder,Cape Codder,Highball,"1.5 oz Vodka, 4 oz Cranberry Juice, Squeeze of Fresh Lime",Devised in 1945 by the Ocean Spray cranberry growers in Massachusetts to market bottled cranberry juice.,"<svg viewBox=""0 0 24 24"" fill=""none"" stroke=""currentColor"" stroke-width=""1.8""><rect x=""7"" y=""4"" width=""10"" height=""16"" rx=""1""><line x1=""7"" y1=""11"" x2=""17"" y2=""11""><path d=""M10 7l4 2"">",,,,,,,,,,,,,,,,,,,,,,,,,,,,,,,,,,,,,,,,,,
2027-02-24,cm-170,Clear Spirits & The Vodka Renaissance,EASY,Vodka & Pure Distillates,Neutral grain perfection multi-column copper distillations cranberry tartness and twentieth-century pop icons.,screwdriver,Screwdriver,Highball,"1.5 oz Vodka, 4 oz Freshly Squeezed Orange Juice, Orange Slice",Originated in the 1940s among American oil workers in the Persian Gulf who stirred vodka and OJ with screwdrivers.,"<svg viewBox=""0 0 24 24"" fill=""none"" stroke=""currentColor"" stroke-width=""1.8""><rect x=""7"" y=""4"" width=""10"" height=""16"" rx=""1""><line x1=""12"" y1=""2"" x2=""12"" y2=""18""><line x1=""7"" y1=""10"" x2=""17"" y2=""10"">",,,,,,,,,,,,,,,,,,,,,,,,,,,,,,,,,,,,,,,,,,
2027-02-25,cm-171,Clear Spirits & The Vodka Renaissance,EASY,Vodka & Pure Distillates,Neutral grain perfection multi-column copper distillations cranberry tartness and twentieth-century pop icons.,kamikaze,Kamikaze,Rocks Glass,"1 oz Vodka, 1 oz Triple Sec, 1 oz Fresh Lime Juice","Emerged during the 1970s in American bars; an equal-parts citrus sour delivering an intense, razor-sharp kick.","<svg viewBox=""0 0 24 24"" fill=""none"" stroke=""currentColor"" stroke-width=""1.8""><rect x=""6"" y=""6"" width=""12"" height=""14"" rx=""1.5""><line x1=""6"" y1=""11"" x2=""18"" y2=""11""><circle cx=""12"" cy=""14"" r=""1.5"">",,,,,,,,,,,,,,,,,,,,,,,,,,,,,,,,,,,,,,,,,,
2027-02-26,cm-172,"Smashes, Swizzles & Crushed Ice",MED,Smashes & Crushed Ice,Muddler bruises aromatic mint caps bois lélé swizzle sticks pebble ice mountains and thermodynamic chills.,whiskey_smash,Whiskey Smash,Rocks Glass,"2 oz Bourbon, 3/4 oz Simple Syrup, 3 Lemon Wedges, 6 Fresh Mint Leaves, Crushed Ice",Modernized by Dale DeGroff at NYC's Rainbow Room by vigorously muddling whole lemon wedges directly with fresh mint.,"<svg viewBox=""0 0 24 24"" fill=""none"" stroke=""currentColor"" stroke-width=""1.8""><rect x=""6"" y=""6"" width=""12"" height=""14"" rx=""1.5""><circle cx=""10"" cy=""12"" r=""2""><path d=""M13 10c1-2 3-1 2 2"">",,,,,,,,,,,,,,,,,,,,,,,,,,,,,,,,,,,,,,,,,,
2027-02-27,cm-173,"Smashes, Swizzles & Crushed Ice",MED,Smashes & Crushed Ice,Muddler bruises aromatic mint caps bois lélé swizzle sticks pebble ice mountains and thermodynamic chills.,bermuda_rum_swizzle,Bermuda Rum Swizzle,Swizzle Glass,"1.5 oz Goslings Black Seal Rum, 1.5 oz Gold Rum, 2 oz Pineapple Juice, 2 oz Orange, Falernum","Celebrated as Bermuda's national refresher at the Swizzle Inn (1932): 'Swizzle Inn, Swagger Out.'","<svg viewBox=""0 0 24 24"" fill=""none"" stroke=""currentColor"" stroke-width=""1.8""><rect x=""8"" y=""3"" width=""8"" height=""18"" rx=""1""><line x1=""12"" y1=""3"" x2=""12"" y2=""18""><path d=""M9 16l6-3"">",,,,,,,,,,,,,,,,,,,,,,,,,,,,,,,,,,,,,,,,,,
2027-02-28,cm-174,"Smashes, Swizzles & Crushed Ice",MED,Smashes & Crushed Ice,Muddler bruises aromatic mint caps bois lélé swizzle sticks pebble ice mountains and thermodynamic chills.,brandy_smash,Brandy Smash,Rocks Glass,"2 oz Cognac, 1/2 oz Simple Syrup, 6 Mint Leaves, Crushed Ice, Fresh Berries","The 19th-century Gilded Age favorite bridging the formal Mint Julep with quick, casual summer saloon refreshment.","<svg viewBox=""0 0 24 24"" fill=""none"" stroke=""currentColor"" stroke-width=""1.8""><rect x=""6"" y=""6"" width=""12"" height=""14"" rx=""1.5""><circle cx=""10"" cy=""13"" r=""1.5""><circle cx=""14"" cy=""13"" r=""1.5"">",,,,,,,,,,,,,,,,,,,,,,,,,,,,,,,,,,,,,,,,,,
2027-03-01,cm-175,"Smashes, Swizzles & Crushed Ice",MED,Smashes & Crushed Ice,Muddler bruises aromatic mint caps bois lélé swizzle sticks pebble ice mountains and thermodynamic chills.,chartreuse_swizzle,Chartreuse Swizzle,Collins Glass,"1.5 oz Green Chartreuse, 1/2 oz Velvet Falernum, 1 oz Pineapple Juice, 3/4 oz Lime Juice",Created in 2006 by Marco Dionysos in San Francisco; proved potent Green Chartreuse could headline a tropical tiki classic.,"<svg viewBox=""0 0 24 24"" fill=""none"" stroke=""currentColor"" stroke-width=""1.8""><rect x=""8"" y=""3"" width=""8"" height=""18"" rx=""1""><line x1=""12"" y1=""3"" x2=""12"" y2=""18""><circle cx=""12"" cy=""7"" r=""1"">",,,,,,,,,,,,,,,,,,,,,,,,,,,,,,,,,,,,,,,,,,
2027-03-02,cm-176,"Smashes, Swizzles & Crushed Ice",MED,Smashes & Crushed Ice,Muddler bruises aromatic mint caps bois lélé swizzle sticks pebble ice mountains and thermodynamic chills.,gin_smash,Gin Smash,Rocks Glass,"2 oz London Dry Gin, 3/4 oz Lemon Juice, 1/2 oz Simple Syrup, 8 Fresh Mint Leaves, Crushed Ice","A crisp Victorian predecessor to the Southside, packing piney juniper spirit with bruised spearmint over mountain ice.","<svg viewBox=""0 0 24 24"" fill=""none"" stroke=""currentColor"" stroke-width=""1.8""><rect x=""6"" y=""6"" width=""12"" height=""14"" rx=""1.5""><path d=""M10 11c1-2 3-1 2 2""><path d=""M14 13c1-2 3-1 2 2"">",,,,,,,,,,,,,,,,,,,,,,,,,,,,,,,,,,,,,,,,,,
2027-03-03,cm-177,"Smashes, Swizzles & Crushed Ice",MED,Smashes & Crushed Ice,Muddler bruises aromatic mint caps bois lélé swizzle sticks pebble ice mountains and thermodynamic chills.,martinique_swizzle,Martinique Swizzle,Highball,"2 oz Rhum Agricole Ambré, 3/4 oz Lime Juice, 1/2 oz Cane Syrup, 2 dashes Angostura, Bois Lélé",Spun between the palms using the pronged branch of the native Caribbean bois lélé tree to achieve deep frost.,"<svg viewBox=""0 0 24 24"" fill=""none"" stroke=""currentColor"" stroke-width=""1.8""><rect x=""7"" y=""4"" width=""10"" height=""16"" rx=""1""><line x1=""12"" y1=""2"" x2=""12"" y2=""18""><line x1=""9"" y1=""16"" x2=""15"" y2=""16"">",,,,,,,,,,,,,,,,,,,,,,,,,,,,,,,,,,,,,,,,,,
2027-03-04,cm-178,"Smashes, Swizzles & Crushed Ice",MED,Smashes & Crushed Ice,Muddler bruises aromatic mint caps bois lélé swizzle sticks pebble ice mountains and thermodynamic chills.,bajan_swizzle,Bajan Swizzle,Collins Glass,"2 oz Aged Barbados Rum, 1/2 oz Falernum, 1/2 oz Fresh Lime Juice, 2 dashes Angostura Bitters",A centuries-old Bridgetown cooler using clove-and-almond scented falernum to temper aged molasses rum.,"<svg viewBox=""0 0 24 24"" fill=""none"" stroke=""currentColor"" stroke-width=""1.8""><rect x=""8"" y=""3"" width=""8"" height=""18"" rx=""1""><line x1=""8"" y1=""8"" x2=""16"" y2=""8""><line x1=""12"" y1=""3"" x2=""12"" y2=""18"">",,,,,,,,,,,,,,,,,,,,,,,,,,,,,,,,,,,,,,,,,,
2027-03-05,cm-179,"Smashes, Swizzles & Crushed Ice",MED,Smashes & Crushed Ice,Muddler bruises aromatic mint caps bois lélé swizzle sticks pebble ice mountains and thermodynamic chills.,cherry_smash,Cherry Smash,Double Rocks,"2 oz Rye Whiskey, 1/2 oz Cherry Heering, 3/4 oz Lemon Juice, 4 Muddled Black Cherries, Mint","Born in 19th-century saloons, marrying muddled ripe stone fruit with spicy rye grain and cooling mint.","<svg viewBox=""0 0 24 24"" fill=""none"" stroke=""currentColor"" stroke-width=""1.8""><rect x=""6"" y=""6"" width=""12"" height=""14"" rx=""1.5""><circle cx=""10"" cy=""14"" r=""2""><circle cx=""14"" cy=""14"" r=""2"">",,,,,,,,,,,,,,,,,,,,,,,,,,,,,,,,,,,,,,,,,,
2027-03-06,cm-180,Pure Sugarcane & The Terroir of Cane,MED,"Agricole, Cachaça & Clairin",Fresh-pressed grassy cane juice volcanic Martinique AOC rums Brazilian pot stills and wild Haitian clairins.,batida_de_coco,Batida de Coco,Hurricane Glass,"2 oz Cachaça, 2 oz Coconut Milk, 1 oz Sweetened Condensed Milk, Crushed Ice","Brazil's beloved beach cocktail, blending artisanal sugarcane cachaça with sweet coconut milk into a frosty shake.","<svg viewBox=""0 0 24 24"" fill=""none"" stroke=""currentColor"" stroke-width=""1.8""><path d=""M7 4h10c0 4-3 6-3 8 0 3 3 5 3 8H7c0-3 3-5 3-8 0-2-3-4-3-8z""><circle cx=""12"" cy=""8"" r=""1.5"">",,,,,,,,,,,,,,,,,,,,,,,,,,,,,,,,,,,,,,,,,,
2027-03-07,cm-181,Pure Sugarcane & The Terroir of Cane,MED,"Agricole, Cachaça & Clairin",Fresh-pressed grassy cane juice volcanic Martinique AOC rums Brazilian pot stills and wild Haitian clairins.,rabo_de_galo,Rabo de Galo,Rocks Glass,"1.5 oz Artisanal Cachaça, 3/4 oz Sweet Vermouth, 1/4 oz Cynar or Torpedo Bitters, Orange Twist",Translates as 'tail of the rooster' (cocktail); São Paulo's definitive urban bar staple uniting cachaça and red vermouth.,"<svg viewBox=""0 0 24 24"" fill=""none"" stroke=""currentColor"" stroke-width=""1.8""><rect x=""6"" y=""6"" width=""12"" height=""14"" rx=""1.5""><line x1=""6"" y1=""11"" x2=""18"" y2=""11""><circle cx=""12"" cy=""15"" r=""2"">",,,,,,,,,,,,,,,,,,,,,,,,,,,,,,,,,,,,,,,,,,
2027-03-08,cm-182,Pure Sugarcane & The Terroir of Cane,MED,"Agricole, Cachaça & Clairin",Fresh-pressed grassy cane juice volcanic Martinique AOC rums Brazilian pot stills and wild Haitian clairins.,clairin_ti_punch,Clairin Ti' Punch,Small Rocks,"2 oz Clairin (Haiti), 1 barspoon Raw Cane Syrup, Fresh Lime Coin","Showcases Haiti's unaged, wild-fermented indigenous sugarcane spirits produced in remote village pot stills with native yeasts.","<svg viewBox=""0 0 24 24"" fill=""none"" stroke=""currentColor"" stroke-width=""1.8""><rect x=""7"" y=""7"" width=""10"" height=""12"" rx=""1""><circle cx=""12"" cy=""13"" r=""2"">",,,,,,,,,,,,,,,,,,,,,,,,,,,,,,,,,,,,,,,,,,
2027-03-09,cm-183,Pure Sugarcane & The Terroir of Cane,MED,"Agricole, Cachaça & Clairin",Fresh-pressed grassy cane juice volcanic Martinique AOC rums Brazilian pot stills and wild Haitian clairins.,diki_diki,Diki-Diki,Coupe,"1.5 oz Calvados, 1/2 oz Swedish Punsch, 1/2 oz Fresh Grapefruit Juice",Invented in 1922 by Robert Vermeire at London's Embassy Club; Swedish Punsch provides batavia arrack cane funk.,"<svg viewBox=""0 0 24 24"" fill=""none"" stroke=""currentColor"" stroke-width=""1.8""><path d=""M5 4h14l-4 7H9L5 4z""><line x1=""12"" y1=""11"" x2=""12"" y2=""19""><line x1=""8"" y1=""19"" x2=""16"" y2=""19""><path d=""M10 7h4"">",,,,,,,,,,,,,,,,,,,,,,,,,,,,,,,,,,,,,,,,,,
2027-03-10,cm-184,Pure Sugarcane & The Terroir of Cane,MED,"Agricole, Cachaça & Clairin",Fresh-pressed grassy cane juice volcanic Martinique AOC rums Brazilian pot stills and wild Haitian clairins.,passionfruit_batida,Passionfruit Batida,Collins Glass,"2 oz Cachaça, 1.5 oz Fresh Passionfruit Pulp, 1 oz Condensed Milk, Crushed Ice","A tangy carnival favorite across Rio de Janeiro, pairing bright passionfruit acidity with sweet cane cachaça.","<svg viewBox=""0 0 24 24"" fill=""none"" stroke=""currentColor"" stroke-width=""1.8""><rect x=""8"" y=""3"" width=""8"" height=""18"" rx=""1""><circle cx=""12"" cy=""8"" r=""1""><circle cx=""12"" cy=""12"" r=""1"">",,,,,,,,,,,,,,,,,,,,,,,,,,,,,,,,,,,,,,,,,,
2027-03-11,cm-185,Pure Sugarcane & The Terroir of Cane,MED,"Agricole, Cachaça & Clairin",Fresh-pressed grassy cane juice volcanic Martinique AOC rums Brazilian pot stills and wild Haitian clairins.,creole_shrubb_sour,Créole Shrubb Sour,Coupe,"1.5 oz Rhum Agricole Blanc, 1/2 oz Créole Shrubb Liqueur, 3/4 oz Lime Juice, 1/4 oz Cane Syrup",A Martinique tradition combining pure grassy sugarcane spirit with sun-dried orange peels and island spices.,"<svg viewBox=""0 0 24 24"" fill=""none"" stroke=""currentColor"" stroke-width=""1.8""><path d=""M6 5h12l-3 7H9L6 5z""><line x1=""12"" y1=""12"" x2=""12"" y2=""20""><line x1=""8"" y1=""20"" x2=""16"" y2=""20""><circle cx=""12"" cy=""8"" r=""1.5"">",,,,,,,,,,,,,,,,,,,,,,,,,,,,,,,,,,,,,,,,,,
2027-03-12,cm-186,Pure Sugarcane & The Terroir of Cane,MED,"Agricole, Cachaça & Clairin",Fresh-pressed grassy cane juice volcanic Martinique AOC rums Brazilian pot stills and wild Haitian clairins.,le_rocher,Le Rocher,Coupe,"1.5 oz Clairin Communal, 1/2 oz Yellow Chartreuse, 3/4 oz Fresh Lime Juice, 1/2 oz Falernum","A modern mixology ode to Haiti's Saint-Michel terroir, marrying grassy cane distillate with alpine herbal liqueurs.","<svg viewBox=""0 0 24 24"" fill=""none"" stroke=""currentColor"" stroke-width=""1.8""><path d=""M5 5h14l-4 8H9L5 5z""><line x1=""12"" y1=""13"" x2=""12"" y2=""20""><line x1=""8"" y1=""20"" x2=""16"" y2=""20""><polygon points=""12 6 15 10 9 10 12 6"">",,,,,,,,,,,,,,,,,,,,,,,,,,,,,,,,,,,,,,,,,,
2027-03-13,cm-187,Pure Sugarcane & The Terroir of Cane,MED,"Agricole, Cachaça & Clairin",Fresh-pressed grassy cane juice volcanic Martinique AOC rums Brazilian pot stills and wild Haitian clairins.,cachaca_daisy,Cachaça Daisy,Coupe,"2 oz Aged Cachaça, 3/4 oz Lime Juice, 1/2 oz Yellow Chartreuse, 1/4 oz Agave Nectar",An elevated daisy cocktail highlighting Brazilian amburana wood aging with herbal honeyed sweetness.,"<svg viewBox=""0 0 24 24"" fill=""none"" stroke=""currentColor"" stroke-width=""1.8""><path d=""M6 4h12l-3 8H9L6 4z""><line x1=""12"" y1=""12"" x2=""12"" y2=""20""><line x1=""8"" y1=""20"" x2=""16"" y2=""20""><circle cx=""12"" cy=""8"" r=""1"">",,,,,,,,,,,,,,,,,,,,,,,,,,,,,,,,,,,,,,,,,,
2027-03-14,cm-188,Molecular Mixology & Smoked Libations,HARD,Modern Molecular & Smoked,White-oak smoking chambers sous-vide botanical extractions aromatic foams and cutting-edge modernist techniques.,smoked_old_fashioned,Smoked Old Fashioned,Double Rocks,"2 oz Cask-Strength Rye, 1 Demerara Sugar Cube, 3 dashes Angostura, Applewood Smoke Cloche","Infused beneath a domed glass cloche filled with dense ignited applewood smoke, perfuming the spirit with embers.","<svg viewBox=""0 0 24 24"" fill=""none"" stroke=""currentColor"" stroke-width=""1.8""><path d=""M5 19h14M7 19a5 5 0 0 1 10 0""><rect x=""8"" y=""11"" width=""8"" height=""7"" rx=""1"">",,,,,,,,,,,,,,,,,,,,,,,,,,,,,,,,,,,,,,,,,,
2027-03-15,cm-189,Molecular Mixology & Smoked Libations,HARD,Modern Molecular & Smoked,White-oak smoking chambers sous-vide botanical extractions aromatic foams and cutting-edge modernist techniques.,rotovap_martini,Rotovap Basil Martini,Nick & Nora,"2.5 oz Vacuum-Distilled Basil Gin, 1/2 oz Clarified Dry Vermouth, Saline Spray",Uses low-temperature rotary evaporation to capture the fresh essence of basil into crystal-clear spirit without cooking.,"<svg viewBox=""0 0 24 24"" fill=""none"" stroke=""currentColor"" stroke-width=""1.8""><path d=""M7 4h10l-2 7a3 3 0 0 1-3 3 3 3 0 0 1-3-3L7 4z""><line x1=""12"" y1=""14"" x2=""12"" y2=""20""><line x1=""9"" y1=""20"" x2=""15"" y2=""20""><circle cx=""12"" cy=""8"" r=""1"">",,,,,,,,,,,,,,,,,,,,,,,,,,,,,,,,,,,,,,,,,,
2027-03-16,cm-190,Molecular Mixology & Smoked Libations,HARD,Modern Molecular & Smoked,White-oak smoking chambers sous-vide botanical extractions aromatic foams and cutting-edge modernist techniques.,nitro_espresso_martini,Nitro Espresso Martini,Coupe,"1.5 oz Vodka, 1 oz Cold Brew Concentrate, 3/4 oz Coffee Liqueur, Charged with Nitrogen","Dispensed from pressurized nitrogen draft taps, generating an ultra-dense, cascading Guinness-like micro-foam crema.","<svg viewBox=""0 0 24 24"" fill=""none"" stroke=""currentColor"" stroke-width=""1.8""><path d=""M5 4h14l-4 7H9L5 4z""><line x1=""12"" y1=""11"" x2=""12"" y2=""19""><line x1=""8"" y1=""19"" x2=""16"" y2=""19""><line x1=""6"" y1=""7"" x2=""18"" y2=""7"">",,,,,,,,,,,,,,,,,,,,,,,,,,,,,,,,,,,,,,,,,,
2027-03-17,cm-191,Molecular Mixology & Smoked Libations,HARD,Modern Molecular & Smoked,White-oak smoking chambers sous-vide botanical extractions aromatic foams and cutting-edge modernist techniques.,aviation_caviar,Spherified Aviation,Coupe,"2 oz Gin, 3/4 oz Lemon Juice, 1/2 oz Maraschino, Crème de Violette Alginate Pearls","Deconstructs the 1916 classic, resting calcium-alginate encapsulated Crème de Violette caviar pearls at the bottom.","<svg viewBox=""0 0 24 24"" fill=""none"" stroke=""currentColor"" stroke-width=""1.8""><path d=""M5 4h14l-4 8H9L5 4z""><line x1=""12"" y1=""12"" x2=""12"" y2=""20""><line x1=""8"" y1=""20"" x2=""16"" y2=""20""><circle cx=""10"" cy=""10"" r=""0.8""><circle cx=""12"" cy=""10"" r=""0.8""><circle cx=""14"" cy=""10"" r=""0.8"">",,,,,,,,,,,,,,,,,,,,,,,,,,,,,,,,,,,,,,,,,,
2027-03-18,cm-192,Molecular Mixology & Smoked Libations,HARD,Modern Molecular & Smoked,White-oak smoking chambers sous-vide botanical extractions aromatic foams and cutting-edge modernist techniques.,gunpowder_manhattan,Gunpowder Manhattan,Coupe,"2 oz Lapsang Souchong Smoked Rye, 1 oz Sweet Vermouth, 2 dashes Orange Bitters","Infuses pine-smoked Fujian Lapsang Souchong black tea into high-rye whiskey, imparting rich campfire peat.","<svg viewBox=""0 0 24 24"" fill=""none"" stroke=""currentColor"" stroke-width=""1.8""><path d=""M6 5h12l-3 7H9L6 5z""><line x1=""12"" y1=""12"" x2=""12"" y2=""20""><line x1=""8"" y1=""20"" x2=""16"" y2=""20""><path d=""M12 6c1 2-1 3 0 5"">",,,,,,,,,,,,,,,,,,,,,,,,,,,,,,,,,,,,,,,,,,
2027-03-19,cm-193,Molecular Mixology & Smoked Libations,HARD,Modern Molecular & Smoked,White-oak smoking chambers sous-vide botanical extractions aromatic foams and cutting-edge modernist techniques.,parmesan_martini,Parmesan Fat-Washed Martini,Martini Glass,"2.5 oz Parmigiano-Reggiano Fat-Washed Gin, 1/2 oz Dry Vermouth, Balsamic Droplet",A culinary mixology feat extracting the umami glutamates of 24-month aged parmesan cheese rinds into cold dry gin.,"<svg viewBox=""0 0 24 24"" fill=""none"" stroke=""currentColor"" stroke-width=""1.8""><path d=""M5 4h14l-7 9-7-9z""><line x1=""12"" y1=""13"" x2=""12"" y2=""20""><line x1=""8"" y1=""20"" x2=""16"" y2=""20""><polygon points=""11 7 14 7 13 9 11 7"">",,,,,,,,,,,,,,,,,,,,,,,,,,,,,,,,,,,,,,,,,,
2027-03-20,cm-194,Molecular Mixology & Smoked Libations,HARD,Modern Molecular & Smoked,White-oak smoking chambers sous-vide botanical extractions aromatic foams and cutting-edge modernist techniques.,sous_vide_beet_mezcal,Sous-Vide Beet Mezcal,Rocks Glass,"2 oz Beet-Infused Sous-Vide Mezcal, 3/4 oz Lime Juice, 1/2 oz Ginger Agave, Black Lava Salt",Uses sous-vide water baths to extract sweet earthy betalain pigments from roasted beets directly into Oaxacan mezcal.,"<svg viewBox=""0 0 24 24"" fill=""none"" stroke=""currentColor"" stroke-width=""1.8""><rect x=""6"" y=""6"" width=""12"" height=""14"" rx=""1.5""><circle cx=""12"" cy=""13"" r=""3"">",,,,,,,,,,,,,,,,,,,,,,,,,,,,,,,,,,,,,,,,,,
2027-03-21,cm-195,Molecular Mixology & Smoked Libations,HARD,Modern Molecular & Smoked,White-oak smoking chambers sous-vide botanical extractions aromatic foams and cutting-edge modernist techniques.,carbonated_negroni,Bottled Carbonated Negroni,Rocks Glass,"1 oz Gin, 1 oz Campari, 1 oz Sweet Vermouth, 1.5 oz Water, Carbonated at 45 PSI","Diluted and forced-carbonated under high pressure, transforming the bittersweet Italian icon into a crisp, sparkling aperitivo.","<svg viewBox=""0 0 24 24"" fill=""none"" stroke=""currentColor"" stroke-width=""1.8""><rect x=""6"" y=""6"" width=""12"" height=""14"" rx=""1.5""><line x1=""6"" y1=""11"" x2=""18"" y2=""11""><circle cx=""10"" cy=""14"" r=""0.8""><circle cx=""14"" cy=""15"" r=""0.8"">",,,,,,,,,,,,,,,,,,,,,,,,,,,,,,,,,,,,,,,,,,
2027-03-22,cm-196,Golden Age Saloons & Pre-Prohibition,EXPERT,Pre-Prohibition Bar Classics,Gilded Age saloon alchemists Jerry Thomas formulas Harry Johnson blueprints and turn-of-the-century saloon staples.,metropolitan,Metropolitan Cocktail,Coupe,"2 oz Cognac or French Brandy, 1 oz Sweet Vermouth, 1/2 tsp Simple Syrup, 2 dashes Angostura",Codified in 1900 in Harry Johnson's 'Bartender's Manual'; the aristocratic brandy-based sibling to the whiskey Manhattan.,"<svg viewBox=""0 0 24 24"" fill=""none"" stroke=""currentColor"" stroke-width=""1.8""><path d=""M5 4h14l-4 7H9L5 4z""><line x1=""12"" y1=""11"" x2=""12"" y2=""19""><line x1=""8"" y1=""19"" x2=""16"" y2=""19""><circle cx=""12"" cy=""7"" r=""1.5"">",,,,,,,,,,,,,,,,,,,,,,,,,,,,,,,,,,,,,,,,,,
2027-03-23,cm-197,Golden Age Saloons & Pre-Prohibition,EXPERT,Pre-Prohibition Bar Classics,Gilded Age saloon alchemists Jerry Thomas formulas Harry Johnson blueprints and turn-of-the-century saloon staples.,pendennis,Pendennis Club Cocktail,Coupe,"2 oz Gin, 3/4 oz Apricot Brandy, 3/4 oz Lime Juice, 2 dashes Peychaud's Bitters","Created at Louisville's historic Pendennis Club in the late 19th century, pairing tart lime with rich orchard apricot.","<svg viewBox=""0 0 24 24"" fill=""none"" stroke=""currentColor"" stroke-width=""1.8""><path d=""M6 5h12l-3 7H9L6 5z""><line x1=""12"" y1=""12"" x2=""12"" y2=""20""><line x1=""8"" y1=""20"" x2=""16"" y2=""20""><circle cx=""12"" cy=""8"" r=""1"">",,,,,,,,,,,,,,,,,,,,,,,,,,,,,,,,,,,,,,,,,,
2027-03-24,cm-198,Golden Age Saloons & Pre-Prohibition,EXPERT,Pre-Prohibition Bar Classics,Gilded Age saloon alchemists Jerry Thomas formulas Harry Johnson blueprints and turn-of-the-century saloon staples.,blue_blazer,Blue Blazer,Mugs (Pair),"2.5 oz Cask-Strength Scotch or Rye, 2.5 oz Boiling Water, 1 tsp Sugar, Lemon Peel",Invented in the 1850s by Jerry Thomas; tossed between two silver mugs in a spectacular arc of blazing liquid fire.,"<svg viewBox=""0 0 24 24"" fill=""none"" stroke=""currentColor"" stroke-width=""1.8""><rect x=""4"" y=""8"" width=""6"" height=""10"" rx=""1""><rect x=""14"" y=""8"" width=""6"" height=""10"" rx=""1""><path d=""M9 7c2-3 4-3 6 0"">",,,,,,,,,,,,,,,,,,,,,,,,,,,,,,,,,,,,,,,,,,
2027-03-25,cm-199,Golden Age Saloons & Pre-Prohibition,EXPERT,Pre-Prohibition Bar Classics,Gilded Age saloon alchemists Jerry Thomas formulas Harry Johnson blueprints and turn-of-the-century saloon staples.,saratoga,Saratoga Cocktail,Coupe,"1 oz Rye Whiskey, 1 oz Cognac, 1 oz Sweet Vermouth, 2 dashes Angostura Bitters","Created in the 1880s at Saratoga Springs, NY; combines American rye grain and French grape brandy in equal balance.","<svg viewBox=""0 0 24 24"" fill=""none"" stroke=""currentColor"" stroke-width=""1.8""><path d=""M5 4h14l-4 8H9L5 4z""><line x1=""12"" y1=""12"" x2=""12"" y2=""20""><line x1=""8"" y1=""20"" x2=""16"" y2=""20""><circle cx=""12"" cy=""8"" r=""1.5"">",,,,,,,,,,,,,,,,,,,,,,,,,,,,,,,,,,,,,,,,,,
2027-03-26,cm-200,Golden Age Saloons & Pre-Prohibition,EXPERT,Pre-Prohibition Bar Classics,Gilded Age saloon alchemists Jerry Thomas formulas Harry Johnson blueprints and turn-of-the-century saloon staples.,widows_dream,Widow's Dream,Coupe,"2 oz Bénédictine DOM, 1 oz Heavy Cream, 1 Fresh Egg, Grated Nutmeg",Published in George J. Kappeler's 1895 'Modern American Drinks'; a luxurious late-night herbal digestif flip.,"<svg viewBox=""0 0 24 24"" fill=""none"" stroke=""currentColor"" stroke-width=""1.8""><path d=""M6 4h12l-2 8H8L6 4z""><line x1=""12"" y1=""12"" x2=""12"" y2=""20""><line x1=""8"" y1=""20"" x2=""16"" y2=""20""><line x1=""7"" y1=""7"" x2=""17"" y2=""7"">",,,,,,,,,,,,,,,,,,,,,,,,,,,,,,,,,,,,,,,,,,
2027-03-27,cm-201,Golden Age Saloons & Pre-Prohibition,EXPERT,Pre-Prohibition Bar Classics,Gilded Age saloon alchemists Jerry Thomas formulas Harry Johnson blueprints and turn-of-the-century saloon staples.,turf_club,Turf Club,Coupe,"1.5 oz Old Tom Gin, 1.5 oz Dry Vermouth, 1/4 oz Maraschino, 2 dashes Absinthe, Bitters","Codified in 1884 as an early precursor to the modern Martini, named after the storied New York gentleman's racing club.","<svg viewBox=""0 0 24 24"" fill=""none"" stroke=""currentColor"" stroke-width=""1.8""><path d=""M7 4h10l-2 8a3 3 0 0 1-6 0L7 4z""><line x1=""12"" y1=""12"" x2=""12"" y2=""19""><line x1=""9"" y1=""19"" x2=""15"" y2=""19""><circle cx=""12"" cy=""8"" r=""1"">",,,,,,,,,,,,,,,,,,,,,,,,,,,,,,,,,,,,,,,,,,
2027-03-28,cm-202,Golden Age Saloons & Pre-Prohibition,EXPERT,Pre-Prohibition Bar Classics,Gilded Age saloon alchemists Jerry Thomas formulas Harry Johnson blueprints and turn-of-the-century saloon staples.,fancy_gin_cocktail,Fancy Gin Cocktail,Coupe,"2 oz Genever or Old Tom Gin, 1 barspoon Orange Curaçao, 2 dashes Bitters, 1 Sugar Cube, Lemon Twist",Jerry Thomas' 1862 creation distinguishing 'fancy' drinks by moistening the glass rim and dashing French curaçao.,"<svg viewBox=""0 0 24 24"" fill=""none"" stroke=""currentColor"" stroke-width=""1.8""><path d=""M5 5h14l-3 7a4 4 0 0 1-8 0L5 5z""><line x1=""12"" y1=""12"" x2=""12"" y2=""20""><line x1=""8"" y1=""20"" x2=""16"" y2=""20""><path d=""M10 6l4 2"">",,,,,,,,,,,,,,,,,,,,,,,,,,,,,,,,,,,,,,,,,,
2027-03-29,cm-203,Golden Age Saloons & Pre-Prohibition,EXPERT,Pre-Prohibition Bar Classics,Gilded Age saloon alchemists Jerry Thomas formulas Harry Johnson blueprints and turn-of-the-century saloon staples.,japanese_fizz,Japanese Fizz,Highball,"2 oz Blended Scotch or Rye, 3/4 oz Lemon Juice, 1/2 oz Orgeat, 1 Egg White, Club Soda","Published in Harry Johnson's 1888 manual, borrowing almond orgeat to transform the morning fizz into velvety luxury.","<svg viewBox=""0 0 24 24"" fill=""none"" stroke=""currentColor"" stroke-width=""1.8""><rect x=""8"" y=""3"" width=""8"" height=""18"" rx=""1""><line x1=""8"" y1=""8"" x2=""16"" y2=""8""><circle cx=""12"" cy=""13"" r=""1.5"">",,,,,,,,,,,,,,,,,,,,,,,,,,,,,,,,,,,,,,,,,,